<?xml version="1.0" encoding="utf-8"?>
<group title="Redmi-K30-5G专属功能">
    <action interruptible="false">
        <title>一键给Redmi-K30-5G线刷Recovery</title>
        <desc sh=". $Load Redmi-K30-5G-recovery; echo &quot;已上传版本：$List&quot;" />
        <summary>特别鸣谢新浪微博wzsx150 大佬编译的recovery.img</summary>
        <set>. ./ADB/One_click_brush_in_recovery.sh</set>
        <params>
            <param name="Phone_Status" title="对方Redmi-K30-5G设备状态处于？" options-sh="printf 'FASTBOOT|① FASTBOOT模式\nsystem|② 系统模式\nRecovery|③ Recovery模式'" />
            <param name="Version" title="选择对方Redmi-K30-5G设备系统版本" options-sh="printf '12|②　MIUI 12（rec版本：3.4.2B-0623）\n11|①　MIUI 11（rec版本：3.4.1B-0313）'" desc="警告：请正确选择系统MIUI版本，否则会无限重启" />
        </params>
    </action>
</group>

<group title="功能区">
    <action interruptible="false">
        <title>线刷Recovery</title>
        <desc>内置③种命令刷入</desc>
        <set>. ./ADB/Brush_in_Recovery.sh</set>
        <params>
            <param name="ChongQi2" label="是否刷入成功自动重启至Recovery（恢复模式里）" type="checkbox" value="1"/>
            <param name="Scheme" title="选择命令" options-sh="printf '1|①　使用fastboot flash recovery命令\n2|②　使用fastboot flash recovery_ramdisk命令\n3|③　使用fastboot boot命令（临时启动到rec）'" desc="注意fastboot boot命令，这是单纯用于在设备上启动至Recovery（恢复模式）&#x000A;如果需要刷入请用方案①和②命令刷入，如果您的是官方系统，请先使用下面的「防止覆盖TWRP/recovery」来阻止自动恢复官方recovery" />
            <param name="REC_File" type="file" suffix="img" editable="true" required="true" title="可输入recovery.img文件绝对路径，也可以使用文件选择器选择文件" desc="温馨提示：可用「MT管理器」长按目录或文件 -->点属性 -->点击目录即可复制目录绝对路径，长按目录或长按名称即可复制文件绝对路径" />
        </params>
    </action>
    <action interruptible="false">
        <title>禁用AVB2.0的启动校验/DM校验</title>
        <set>. ./ADB/Forbid_AVB.sh</set>
        <params>
            <param name="Option" title="选择功能：" options-sh="printf '01|①　禁用AVB2.0的DM校验\n02|②　禁用AVB2.0的启动校验\n03|③　禁用AVB2.0的启动校验/DM校验'" desc="DM校验就是disable-verity也就是解锁system，启动校验也就是disable-verification（一般就是去除刷机后提示系统文件被破坏，无法开机）" />
            <param name="img_File" type="file" suffix="img" editable="true" required="true" title="可输入vbmeta.img文件绝对路径，也可以使用文件选择器选择文件" desc="温馨提示：可用「MT管理器」长按目录或文件 -->点属性 -->点击目录即可复制目录绝对路径，长按目录或长按名称即可复制文件绝对路径" />
        </params>
    </action>
    <action interruptible="false">
        <title>防止覆盖TWRP/recovery</title>
        <summary>阻止官方系统自动恢复官方recovery</summary>
        <set>. ./ADB/Lock_TWRP.sh</set>
        <params>
            <param name="Subarea" label="选择boot分区" desc="不能3个全选，请正确选择对方设备分区，仅AB设备才能多选boot_a/boot_b分区" options-sh="printf 'boot|boot\nboot_a|boot_a（仅AB设备可选）\nboot_b|boot_b（仅AB设备可选）'" multiple="true"/>
            <param name="img_File" type="file" suffix="img" editable="true" required="true" title="可输入boot.img文件绝对路径，也可以使用文件选择器选择文件" desc="温馨提示：可用「MT管理器」长按目录或文件 -->点属性 -->点击目录即可复制目录绝对路径，长按目录或长按名称即可复制文件绝对路径" />
        </params>
    </action>
    <action interruptible="false">
        <title>一键解压小米全机型线刷包也就是后缀为.tgz的压缩包</title>
        <set>sh ./JieYa_tgz.sh</set>
        <params>
            <param name="Source_File" type="file" suffix="zip" editable="true" required="true" title="可输入文件绝对路径，也可以使用文件选择器选择文件" desc="温馨提示：可用「MT管理器」长按目录或文件 -->点属性 -->点击目录即可复制目录绝对路径，长按目录或长按名称即可复制文件绝对路径" />
            <param name="Dir" title="可输入目录绝对路径，也可以通过文件选择器长按选定目录，留空为解压到源文件目录" type="folder" editable="true" desc="上面是默认路径，请自行根据需求更改目录，温馨提示：可用「MT管理器」长按目录或文件 -->点属性 -->点击目录即可复制目录绝对路径，长按目录或长按名称即可复制文件绝对路径" value-sh="Dir=$Data_Dir/JieYa_tgz.log; if [[ -f $Dir ]]; then cat $Dir; else echo $GJZS; fi " />
        </params>
    </action>
    <action interruptible="false">
        <title>线刷ROM（该功能类似miflash）</title>
        <desc>请把需要线刷包全部解压到某个目录里</desc>
        <set>. ./ADB/XianShua.sh</set>
        <params>
            <param name="a" value="方案① 手动选择刷机.sh脚本" readonly="readonly" />
            <param name="script" type="file" suffix="sh" editable="true" title="可输入.sh脚本文件绝对路径，也可以使用文件选择器选择文件" desc="温馨提示：可用「MT管理器」长按目录或文件 -->点属性 -->点击目录即可复制目录绝对路径，长按目录或长按名称即可复制文件绝对路径" />
            <param name="a" value="方案② 请将线刷包文件解压到目录:$lu3&quot;" readonly="readonly" />
            <param name="script3" label=" 清除全部数据" type="checkbox" />
            <param name="script4" label=" 保留用户data数据" type="checkbox" />
            <param name="a" value="下面俩个请慎重考虑勾选，因为会上锁！" readonly="readonly" />
            <param name="script5" label=" 清除全部数据并lock上锁" type="checkbox" />
            <param name="script6" label=" 清除全部数据并lock上锁并进行CRC文件效验" type="checkbox" />
            <param name="a" title="&#x000A;&#x000A;方案①把官方提供的线刷包全部解压到某个目录，路径中最好不要有空格，然后选择对应的.sh脚本&#x000A;&#x000A;需要自己选择好对应的刷机脚本，手机给手机也可以线刷&#x000A;常用的脚本名称如下：&#x000A;flash_all.sh=清除全部数据&#x000A;flash_all_except_data.sh=保留用户data数据&#x000A;flash_all_lock.sh=清除全部数据并lock上锁&#x000A;flash_all_lock_crc.sh=清除全部数据并lock上锁并进行CRC文件效验&#x000A;&#x000A;方案②把线刷包解压到我提示的规定目录，然后勾选线刷即可&#x000A;最后小声BB下，不要天真的以为随便把这个刷机脚本移动到哪都可以线刷，images镜像文件都不跟刷机脚本在同一目录下刷个球" readonly="readonly" />
        </params>
    </action>
    <action auto-off="false" interruptible="false">
        <title>线刷单个.img镜像文件到指定分区①</title>
        <desc>采用动态获取所有分区</desc>
        <set>img_File="${img_File:="$img_File2"}"; [[ ! -f $img_File ]] &amp;&amp; echo "镜像文件不存在刷个球哈！" || fastboot flash "$IMG_Subarea" "$img_File"</set>
        <params>
            <param name="IMG_Subarea" title="请选择分区：" options-sh=". ./ADB/Dynamic_Acquisition_Partition.sh" />
            <param name="img_File" type="file" suffix="img" editable="true" required="true" title="可输入.img文件绝对路径，也可以使用文件选择器选择文件" desc="温馨提示：可用「MT管理器」长按目录或文件 -->点属性 -->点击目录即可复制目录绝对路径，长按目录或长按名称即可复制文件绝对路径" />
        </params>
    </action>
    <action auto-off="false" interruptible="false">
        <title>线刷单个.img镜像文件到指定分区②</title>
        <desc>固定加入的一些分区、如果未加入可以私信我加入即可</desc>
        <set>img_File="${img_File:="$img_File2"}"; [[ ! -f $img_File ]] &amp;&amp; echo "镜像文件不存在刷个球哈！" || fastboot flash "$IMG_Subarea" "$img_File"</set>
        <params>
            <param name="IMG_Subarea" title="请选择分区：" options-sh="cat ./ADB/Mirror_Partition_Option.sh" />
            <param name="img_File" type="file" suffix="img" editable="true" required="true" title="可输入.img文件绝对路径，也可以使用文件选择器选择文件" desc="温馨提示：可用「MT管理器」长按目录或文件 -->点属性 -->点击目录即可复制目录绝对路径，长按目录或长按名称即可复制文件绝对路径" />
        </params>
    </action>
    <action interruptible="false">
        <title>格式化data &amp; 清空分区</title>
        <set>. ./ADB/Advanced_Cleanup_Option.sh</set>
        <params>
            <param name="Format_data" label=" 格式化data分区" type="checkbox" />
            <param name="Restore_Factory" label=" 恢复出厂设置" type="checkbox" />
            <param name="Erase_cache" label=" 清除cache分区" type="checkbox" />
            <param name="Erase_data" label=" 清除data分区" type="checkbox" />
            <param name="Erase_userdata" label=" 清除userdata用户数据" type="checkbox" />
            <param name="Erase_system" label=" 清除system分区" type="checkbox" />
            <param name="Erase_vendor" label=" 清除vendor分区" type="checkbox" />
            <param name="Erase_boot" label=" 清除boot分区" type="checkbox" />
            <param name="Erase_recovery" label=" 清除recovery分区" type="checkbox" />
        </params>
    </action>
    <action interruptible="false">
        <title>一键激活品牌系列BL锁</title>
        <set>. ./ADB/Brand_Unlock_Option_Set.sh</set>
        <params>
            <param name="Brand" title="请选择要解锁的设备品牌" options-sh=". ./ADB/Brand_Unlock_Option.sh" />
        </params>
    </action>
    <action>
        <title>解锁BL（内置4个命令解锁BL）</title>
        <set>. ./ADB/unlock.sh</set>
        <params>
            <param name="Scheme" title="选择解锁命令" options-sh="cat ./ADB/Unlock_BL_Option.sh" />
            <param name="Key" title="如果有解锁码请在下面输入解锁码" />
        </params>
    </action>
    <action confirm="false" interruptible="false">
        <title>给设备重新上锁BL</title>
        <desc>内置②种命令上锁</desc>
        <set>. ./ADB/lock.sh</set>
        <params>
            <param name="lock" title="选择上锁命令" options-sh="printf '1|①　使用fastboot flashing lock命令\n2|②　使用fastboot oem lock命令'" />
            <param name="x" value="请确保rec，系统都是官方的，建议在官方rec里刷一遍官方包再上锁，或者线刷官方包后上锁。否则一切后果自负！！！" readonly="readonly" />
        </params>
    </action>
    <action confirm="true" interruptible="false">
        <title>去除dm-verity提示（第二屏5秒）</title>
        <set>fastboot oem disable_dm_verity; fastboot oem enable_dm_verity</set>
    </action>
</group>

<group title="A B分区设备功能区">
    <action auto-off="false" interruptible="false">
        <title>线刷单个.img镜像文件到指定分区（A/B设备）</title>
        <desc>固定加入的一些分区、如果未加入可以私信我加入即可</desc>
        <set>img_File="${img_File:="$img_File2"}"; [[ ! -f $img_File ]] &amp;&amp; echo "镜像文件不存在刷个球哈！" || fastboot flash "$IMG_Subarea" "$img_File"</set>
        <params>
            <param name="IMG_Subarea" title="请选择分区：" options-sh="cat ./ADB/Mirror_Partition_Option_AB.sh" />
            <param name="img_File" type="file" suffix="img" editable="true" required="true" title="可输入.img文件绝对路径，也可以使用文件选择器选择文件" desc="温馨提示：可用「MT管理器」长按目录或文件 -->点属性 -->点击目录即可复制目录绝对路径，长按目录或长按名称即可复制文件绝对路径" />
        </params>
    </action>
    <action interruptible="false">
        <title>格式化data &amp; 清空分区</title>
        <set>. ./ADB/Advanced_Cleanup_Option.sh</set>
        <params>
            <param name="Format_data" label=" 格式化data分区" type="checkbox" />
            <param name="Restore_Factory" label=" 恢复出厂设置" type="checkbox" />
            <param name="Erase_cache" label=" 清除cache分区" type="checkbox" />
            <param name="Erase_data" label=" 清除data分区" type="checkbox" />
            <param name="Erase_userdata" label=" 清除userdata用户数据" type="checkbox" />
            <param name="Erase_system_a" label=" 清除system_a分区" type="checkbox" />
            <param name="Erase_system_b" label=" 清除system_b分区" type="checkbox" />
            <param name="Erase_vendor_a" label=" 清除vendor_a分区" type="checkbox" />
            <param name="Erase_vendor_b" label=" 清除vendor_b分区" type="checkbox" />
            <param name="Erase_boot_a" label=" 清除boot_a分区" type="checkbox" />
            <param name="Erase_boot_b" label=" 清除boot_b分区" type="checkbox" />
            <param name="Erase_recovery" label=" 清除recovery分区" type="checkbox" />
        </params>
    </action>
    <action>
        <title>查看a/b分区当前激活分区</title>
        <set>fastboot getvar current-slot</set>
    </action>
    <action interruptible="false">
        <title>切换a/b 分区</title>
        <desc>因为a/b分区设备有两个独立分区，可切换到另外一个分区即可，例如当前激活分区是a，输入b即可切换到b分区去使用</desc>
        <set>fastboot --set-active=$Subarea</set>
        <params>
            <param name="Subarea" label="选择分区" desc="注：可用「查看a/b分区激活分区」来查看当前激活分区" options-sh="printf 'a\nb'" />
        </params>
    </action>
</group>