<?xml version="1.0" encoding="utf-8"?>
<group>
    <action>
        <title>Recovery模式下Sideload线刷</title>
        <desc>重启到Recovery模式后，利用OTG、Sideload线刷，让卡刷变线刷</desc>
        <set>adb sideload "${zip:="$zip2"}"</set>
        <params>
            <param name="zip" type="file" suffix="zip" editable="true" required="true" title="可输入ROM卡刷包文件绝对路径，也可以使用文件选择器选择文件" desc="温馨提示：可用「MT管理器」长按目录或文件 -->点属性 -->点击目录即可复制目录绝对路径，长按目录或长按名称即可复制文件绝对路径" />
        </params>
    </action>
    <action confirm="true" interruptible="false">
        <title>退出Sideload线刷模式</title>
        <desc>用于不小心点了Sideload线刷后无法退出</desc>
        <set>. &#34;$Load&#34; exit_sideload; adb sideload &#34;$Download_File&#34;</set>
    </action>
    <action>
        <title>禁用/启用 dm_verity（解锁/锁定system分区）</title>
        <param name="ChongQi" label="是否执行完脚本自动重启系统" type="switch" value="1" />
        <param name="Choice" label="请选择功能">
            <option value="0">禁用dm_verity/解锁system</option>
            <option value="1">启用dm_verity/锁定system</option>
        </param>
        <set>if [[ $Choice = 0 ]]; then echo '已禁用 dm_verity并解锁system'; adb root;adb disable-verity; elif [[ $Choice = 1 ]]; then echo '已启用 dm_verity并解锁system'; adb root;adb enable-verity; fi; [[ $ChongQi = 1 ]] &amp;&amp; adb reboot</set>
    </action>
    <action confirm="true" interruptible="false">
        <title>去除开机时dm-verity未启动警告（第二屏5秒警告）</title>
        <desc>会自动重启手机生效</desc>
        <set>adb reboot 'dm-verity enforcing'</set>
    </action>
    <action>
        <title>跳过谷歌开机验证</title>
        <desc>切记！刷完有谷歌验证的包先不要开机，执行此选项才会生效！</desc>
        <set>adb2 -c settings put secure user_setup_complete 1; adb2 -c settings put global device_provisioned 1</set>
    </action>
    <action>
        <title>清除锁屏密码</title>
        <set>. ./ADB/Delete_lock_screen_password.sh</set>
    </action>
    <action interruptible="true">
        <title>推送文件</title>
        <desc>用于推送文件到对方设备</desc>
        <set>. ./ADB/Read_Push_files.sh -push</set>
        <params>
            <param name="Dir" title="可输入目录绝对路径，也可以通过文件选择器长按选定目录" type="folder" editable="true" />
            <param name="File" type="file" editable="true" title="当上面为空时可选取文件绝对路径，也可以使用文件选择器选择文件推送" desc="温馨提示：可用「MT管理器」长按目录或文件 -->点属性 -->点击目录即可复制目录绝对路径，长按目录或长按名称即可复制文件绝对路径" />
            <param name="Target" title="要推送到的对方设备目录" desc="默认路径内部储存根目录" required="true" value="/sdcard" />
        </params>
    </action>
    <action interruptible="true">
        <title>从对方设备复制文件/目录</title>
        <desc>读取对方设备文件并复制到本地</desc>
        <set>. ./ADB/Read_Push_files.sh -pull</set>
        <params>
            <param name="Target" title="请输入要从对方设备读取的文件或者目录" desc="默认路径内部储存根目录" required="true" value="/sdcard" />
            <param name="Dir" title="要复制到的本地目录，可输入目录绝对路径，也可以通过文件选择器长按选定目录" type="folder" required="true" editable="true" value-sh="echo $GJZS"/>
        </params>
    </action>
    <!-- <page title="ADB镜像分区专区" config-sh="cat $Pages/ADB/IMG_Function.xml" /> -->
</group>