<?xml version="1.0" encoding="utf-8"?>
<group>
    <text>
        <title>特别鸣谢 by：topjohnwu，提供Magisk.zip</title>
        <summary sh="Update_Magisk() { echo 已上传Magisk版本：$7（$8）; } ; [[ -f $Load ]] &#38;&#38; . $Load Update_Magisk" />
    </text>
</group>
<group>
    <action>
        <title>刷入Magisk.zip一键ROOT①</title>
        <desc>需要对方设备recovery支持sideload（ADB线刷），原理：利用OTG、Sideload线刷Magisk.zip达到ROOT对方设备&#x000A;如果无法自动重启到sideload模式请手动进入</desc>
        <set>. ./ADB/Sideload_Magisk.sh</set>
        <params>
            <param name="ChongQi" label="是否自动重启系统" type="switch" value="1" />
            <param name="Phone_Status" label="对方设备状态处于？" options-sh="printf 'system|① 系统模式\nRecovery|② Recovery模式\ns|③ 已在sideload模式\nFASTBOOT|④ FASTBOOT模式'" />
            <param name="a" value="当然你也可以自由去选择Magisk版本注入，而不是默认使用我已上传的Magisk版本" readonly="readonly" />
            <param name="Customize" label="自定义Magisk.zip" desc="勾选时下方自定义才生效" type="checkbox" />
            <param name="Magisk_File" type="file" suffix="zip" editable="true" title="可输入Magisk.zip文件绝对路径，也可以使用文件选择器选择文件" desc="温馨提示：可用「MT管理器」长按目录或文件 -->点属性 -->点击目录即可复制目录绝对路径，长按目录或长按名称即可复制文件绝对路径" />
        </params>
    </action>
    <action interruptible="false">
        <title>修补boot一键ROOT②</title>
        <desc>原理：在FASTBOOT模式下，刷入修补过的boot.img来达到注入Magisk并ROOT对方设备</desc>
        <set>MultiFunction Magisk -root</set>
        <params>
            <param name="Phone_Status" label="对方设备状态处于？" options-sh="printf 'system|① 系统模式\nRecovery|② Recovery模式\nFASTBOOT|③ FASTBOOT模式'" />
            <param name="Subarea" label="选择boot分区" desc="不能3个全选，请正确选择对方设备分区，仅AB设备才能多选boot_a/boot_b分区" options-sh="printf 'boot|boot\nboot_a|boot_a（仅AB设备可选）\nboot_b|boot_b（仅AB设备可选）'" multiple="true"/>
            <param name="KEEPVERITY" label="保持强制加密" type="checkbox" value="1" />
            <param name="KEEPFORCEENCRYPT" label="保留 AVB 2.0/dm-verity" type="checkbox" value="1" />
            <param name="RECOVERYMODE" label="安装到 Recovery" type="checkbox" />
            <param name="File" type="file" suffix="img" editable="true" required="true" title="可输入.img文件绝对路径，也可以使用文件选择器选择文件" desc="可从卡刷包/线刷包中提取出boot.img，温馨提示：可用「MT管理器」长按目录或文件 -->点属性 -->点击目录即可复制目录绝对路径，长按目录或长按名称即可复制文件绝对路径" />
        </params>
    </action>
</group>
<group>
    <text>
        <slices>
            <slice size="22" color="#FF9400D3">免责申明：</slice>
            <slice break="true"></slice>
            <slice size="16" color="#FFFF0000" break="true">因为Magisk的特殊性所以本页一键ROOT功能，必须对方设备已解锁BL，否则变砖警告！</slice>
            <slice break="true"></slice>
            <slice break="true"></slice>
            <slice size="16" color="#FFFF0000" break="true">如果您先前从未听说过「软变砖」或「无限重启」, 又或者您不知道如何从这些情况中恢复手机, 那么请不要使用一键ROOT功能</slice>
            <slice break="true"></slice>
            <slice break="true"></slice>
            <slice size="16" color="#FFFF0000" break="true">无论如何, 都强烈建议您做好近期的数据备份，并自备完整ROM卡刷/线刷包或原boot.img救砖</slice>
            <slice break="true"></slice>
            <slice break="true"></slice>
            <slice size="16" color="#FFFF0000" break="true">一旦使用了功能则代表您已阅读风险，出现的一切后果，请自行承担风险，与本人无关</slice>
        </slices>
    </text>
</group>