<?xml version="1.0" encoding="utf-8"?>
<group title="第一屏">
    <action interruptible="false">
        <resource file="file:///android_asset/common/splash分区救砖包.zip" />
        <title>whyred（红米note5专属选项）第一屏修改［内含18个动画］</title>
        <desc>whyred（红米note5专属选项）请勿在其它机型刷入，否则后果自负！</desc>
        <set>. ./Install_BootAnimation_Screen1.sh</set>
        <params>
            <param name="ChongQi" label="　是否刷入成功自动重启系统" type="switch" />
            <param name="Default" label="　打开此开关为恢复默认并在下面选择路径" type="switch" />
            <param name="BootAnimation_Screen1" title="选择要刷入的镜像" options-sh="cat ./Install_BootAnimation_Screen1_Option.sh" />
         </params>
    </action>
    <page title="自定义制作第一屏/FASTBOOT界面……" summary="只适用于使用bmp格式的，可修改开机时第一屏、FASTBOOT界面、已解锁的界面、引导验证错误页面……&#x000A;当然不同设备图片个数顺序都不一样所以采用了动态方式获取不同设备的配置，并解析出所有图片" config-sh=". ./Install_BootAnimation_Screen1_Page.sh" />
</group>
<group title="第二屏">
    <action interruptible="true" visible=". ./support/Check_Brand_NO_samsung.sh">
        <title>开机动画第二屏修改「内置74个动画」</title>
        <set>. ./Install_BootAnimation_Screen2.sh</set>
        <params>
            <param name="ChongQi" label="　是否刷入成功自动重启系统" type="switch" />
            <param name="Default" label="　打开此开关为恢复默认并在下面选择路径" type="switch" />
            <param name="Brand" title="请选择安装/恢复路径和设置权限" value-sh=". ./Check_BootAnimation_Screen2_PATH.sh">
                <option value="Android_Default">①　安卓10以下默认路径：/system/media/bootanimation.zip</option>
                <option value="Android_10">②　安卓10/LG：/system/product/media/bootanimation.zip</option>
                <option value="nubia">③　努比亚：/system/media/theme/bootup/bootanimation.zip</option>
                <option value="HuaWei">④　华为/荣耀：/product/etc/media/bootanimation.zip</option>
                <option value="horror">⑤　荣耀：/version/special_cust/BLN-TL10C752/cmcc/cn/media/bootanimation.zip</option>
            </param>
            <param name="Authority" label="设置权限" type="int" required="true" value="664" maxlength="3" />
            <param name="install_Way" label="选择安装方式" options-sh="printf 'system|直接修改\nModule|通过Magisk模块挂载'" />
            <param name="ZiDY_Screen2" type="file" suffix="zip" editable="true"  title="可输入文件绝对路径，也可以使用文件选择器选择文件，无需重命名为bootanimation.zip" desc="温馨提示：可用「MT管理器」长按目录或文件 -->点属性 -->点击目录即可复制目录绝对路径，长按目录或长按名称即可复制文件绝对路径" />
            <param name="BootAnimation_Screen2" title="选择要刷入的开机动画" options-sh="cat ./Install_BootAnimation_Screen2_Option.sh" />
        </params>
    </action>
    <action shell="hidden" auto-off="true" interruptible="false">
        <title>播放开机动画</title>
        <set>. ./Play_Boot_Animation.sh</set>
            <param name="Set_Time" title="请输入要播放多久，时间单位秒" type="int" required="true" value="10" />
    </action>
    <action confirm="true" auto-off="true" interruptible="false">
        <title>删除开机音乐文件</title>
        <summary>点击即可删除！切记无法恢复！请深思熟虑哦！</summary>
        <set>. ./Delete_Boot_Music.sh</set>
    </action>
    <switch auto-off="true" interruptible="false">
        <title>锁定开机动画第二屏</title>
        <desc>打开此开关锁定后无法更改第二屏</desc>
        <get>. ./switchs/Lock_BootAnimation_Screen2_Get.sh</get>
        <set>. ./switchs/Lock_BootAnimation_Screen2_Set.sh</set>
    </switch>
</group>