<?xml version="1.0" encoding="utf-8"?>
<group title="方案①">
    <switch confirm="true" auto-off="true" interruptible="false" id="Charging_control1" id="@Charging_control1">
        <title>充电控制开关</title>
        <desc>打开此开关为禁止充电</desc>
        <get>. ./switchs/Charging_control1_get.sh</get>
        <set>. ./switchs/Charging_control1_set.sh</set>
    </switch>
</group>
<group title="方案②">
    <action id="Charging_control2" reload="@Charging_control1">
        <title>方案②半自动方案</title>
        <desc>具体请看使用说明帮助</desc>
        <set>. ./Charging_control2.sh</set>
        <params>
            <param name="Set_Greedy_Time" label="输入值" title="请输入贪婪充电时间值，时间单位：d(天) | h(小时) | m(分) | s(默认为秒单位），为空时则无延迟" desc="作用于充满电多久后才停止充电，已获得更饱满的电量。注释：emmmm……好像锁屏休眠充电，会出现时间翻倍后才会停止充电情况，可以删除留空为不设置贪婪充电" value-sh="grep_prop Set_Greedy_Time $Data_Dir/Charging_control2.log"/>
            <param name="Stop" title="设置充电到百分之多少停止充电" desc="默认为100停止充电" type="seekbar" max="100" min="20" value="100" value-sh="grep_prop Stop $Data_Dir/Charging_control2.log"/>
        </params>
    </action>
    <action id="Charging_control22" reload="@Charging_control1" shell="bg-task" visible=". ./support/Check_SDK_lt_28.sh">
        <title>方案②半自动方案，「放入通知栏执行」</title>
        <desc>具体请看使用说明帮助</desc>
        <set>. ./Charging_control2.sh</set>
        <params>
            <param name="Set_Greedy_Time" label="输入值" title="请输入贪婪充电时间值，时间单位：d(天) | h(小时) | m(分) | s(默认为秒单位），为空时则无延迟" desc="作用于充满电多久后才停止充电，已获得更饱满的电量。注释：emmmm……好像锁屏休眠充电，会出现时间翻倍后才会停止充电情况，可以删除留空为不设置贪婪充电" value-sh="grep_prop Set_Greedy_Time $Data_Dir/Charging_control2.log"/>
            <param name="Stop" title="设置充电到百分之多少停止充电" desc="默认为100停止充电" type="seekbar" max="100" min="20" value="100" value-sh="grep_prop Stop $Data_Dir/Charging_control2.log"/>
        </params>
    </action>
</group>
<group title="方案③">
    <action id="Charging_control3" reload="@Charging_control1">
        <title>方案③半自动方案（升级版）</title>
        <desc>具体请看使用说明帮助</desc>
        <set>. ./Charging_control3.sh</set>
        <params>
            <param name="Set_Greedy_Time" label="输入值" title="请输入贪婪充电时间值，时间单位：d(天) | h(小时) | m(分) | s(默认为秒单位），为空时则无延迟" desc="作用于充满电多久后才停止充电，已获得更饱满的电量。注释：emmmm……好像锁屏休眠充电，会出现时间翻倍后才会停止充电情况，可以删除留空为不设置贪婪充电" value-sh="grep_prop Set_Greedy_Time $Data_Dir/Charging_control3.log"/>
            <param name="Start" title="设置等于百分之多少继续启用充电" desc="默认低于或者等于95恢复充电" type="seekbar" max="99" min="20" value="95" value-sh="grep_prop Start $Data_Dir/Charging_control3.log"/>
            <param name="Stop" title="设置充电到百分之多少停止充电" desc="默认为100停止充电" type="seekbar" max="100" min="20" value="100" value-sh="grep_prop Stop $Data_Dir/Charging_control3.log"/>
        </params>
    </action>
    <action id="Charging_control33" reload="@Charging_control1" shell="bg-task" visible=". ./support/Check_SDK_lt_28.sh">
        <title>方案③半自动方案（升级版），「放入通知栏执行」</title>
        <desc>具体请看使用说明帮助</desc>
        <set>. ./Charging_control3.sh</set>
        <params>
            <param name="Set_Greedy_Time" label="输入值" title="请输入贪婪充电时间值，时间单位：d(天) | h(小时) | m(分) | s(默认为秒单位），为空时则无延迟" desc="作用于充满电多久后才停止充电，已获得更饱满的电量。注释：emmmm……好像锁屏休眠充电，会出现时间翻倍后才会停止充电情况，可以删除留空为不设置贪婪充电" value-sh="grep_prop Set_Greedy_Time $Data_Dir/Charging_control3.log"/>
            <param name="Start" title="设置等于百分之多少继续启用充电" desc="默认低于或者等于95恢复充电" type="seekbar" max="99" min="20" value="95" value-sh="grep_prop Start $Data_Dir/Charging_control3.log"/>
            <param name="Stop" title="设置充电到百分之多少停止充电" desc="默认为100停止充电" type="seekbar" max="100" min="20" value="100" value-sh="grep_prop Stop $Data_Dir/Charging_control3.log"/>
        </params>
    </action>
</group>
<group title="方案④">
    <page title="方案④全自动方案" desc="具体请看使用说明帮助" config-sh="cat $Pages/Charging_control4.xml" />
</group>
<group title="其它">
    <action interruptible="false">
        <title>帮助</title>
        <summary>注：如果方案1没用，那么充电控制就是不支持您的设备</summary>
        <set>cat $Data_Dir/Charging_control_help.log</set>
    </action>
</group>