<?xml version="1.0" encoding="utf-8"?>
<group>
<action interruptible="false">
    <title>方案④全自动方案</title>
    <desc>配置完重启才能生效，虽然是全自动方案，可能会增加设备耗电量，具体自测！</desc>
    <set>. ./Charging_control4.sh</set>
    <params>
        <param name="ChongQi" label="是否刷入成功自动重启系统" type="checkbox" value-sh="grep_prop ChongQi $Data_Dir/Charging_control4.log"/>
        <param name="Delay" label="输入值" title="为了避免无延迟的无限循环执行脚本，请适当的设置延迟值" value-sh="if [[ -f $Data_Dir/Charging_control4.log ]]; then grep_prop Delay $Data_Dir/Charging_control4.log; else echo 3m; fi"/>
        <param name="Set_Greedy_Time" label="输入值" title="请输入贪婪充电时间值，时间单位：d(天) | h(小时) | m(分) | s(默认为秒单位），为空时则无延迟" desc="作用于充满电多久后才停止充电，已获得更饱满的电量。" value-sh="if [[ -f $Data_Dir/Charging_control4.log ]]; then grep_prop Set_Greedy_Time $Data_Dir/Charging_control4.log; else echo 2m; fi"/>
        <param name="Start" title="设置只有电量低于或者等于百分之多少才能启用充电" desc="默认低于或者等于90恢复充电" type="seekbar" max="99" min="20" value-sh="if [[ -f $Data_Dir/Charging_control4.log ]]; then grep_prop Start $Data_Dir/Charging_control4.log; else echo 90; fi"/>
        <param name="Stop" title="设置充电到百分之多少停止充电" desc="默认为等于100停止充电" type="seekbar" max="100" min="20" value-sh="if [[ -f $Data_Dir/Charging_control4.log ]]; then grep_prop Stop $Data_Dir/Charging_control4.log; else echo 100; fi"/>
    </params>
</action>
</group>
<group title="Magisk模块管理（将在下次重启后生效）">
    <switch auto-off="true" interruptible="false">
        <title>Magisk模块（禁用，启用）开关</title>
        <desc sh="[[ -d $Modules_Dir/Automatic_protective_charging ]] &amp;&amp; echo 充电控制模块已安装，关闭此开关为禁用模块 || echo 模块未安装" />
        <get>. $Module_disabled_get Automatic_protective_charging 充电控制</get>
        <set>. $Module_disabled_set Automatic_protective_charging 充电控制</set>
    </switch>
    <switch auto-off="true" interruptible="false">
        <title>Magisk模块（卸载）开关</title>
        <desc sh="[[ -d $Modules_Dir/Automatic_protective_charging ]] &amp;&amp; echo 充电控制模块已安装，关闭此开关为卸载模块 || echo 模块未安装" />
        <get>. $Module_remove_get Automatic_protective_charging 充电控制</get>
        <set>. $Module_remove_set Automatic_protective_charging 充电控制</set>
    </switch>
</group>
