<?xml version="1.0" encoding="utf-8"?>
<group title="杂项">
    <page title="屏幕刷新率检测" html="https://www.testufo.com/" />
    <page title="网易DNS检测" html="http://nstool.netease.com/" />
    <action id="killapk3" confirm="true" interruptible="false">
        <title>强制性结束手机上所有第三方软件进程</title>
        <set>. ./Kill_APK.sh</set>
    </action>
    <text>
        <slice run="service call notification 1 &amp;&gt;/dev/null;exit 0" size="15" color="#FF0366D6" u="1">清理通知栏待处理的通知</slice>
    </text>
    <action confirm="true">
        <title>一键修复EdXposed Manager里显示未激活</title>
        <set>. ./Repair_EDXposed_Inactive.sh</set>
    </action>
    <action confirm="true" interruptible="false">
        <title>修复系统软件异常崩溃、闪退、应用名异常</title>
        <summary>警告：默认会强制重启生效</summary>
        <desc>造成此原因一般都是刷了一些替换系统app模块导致的后遗症</desc>
        <set>rm -rf /data/system/package_cache/*; reboot</set>
    </action>
    <action confirm="true">
        <title>查看本机ip信息</title>
        <set>ip -br addr;echo -e "\n开始查看位置IP：";curl myip.ipip.net 2&gt;/dev/null</set>
    </action>
    <action>
        <title>手机双清,三清,四清,五清,六清介绍</title>
        <set>cat $Data_Dir/Flash_Help.log</set>
    </action>
    <action confirm="true">
        <title>临时性激活快否</title>
        <set>. ./Activate_KFMark.sh</set>
    </action>
    <action confirm="true" interruptible="false">
        <title>一键激活一加隐藏的屏幕刷新率选项</title>
        <desc>执行完毕请前往，设置--&gt;显示--&gt;屏幕刷新率重新设置即可</desc>
        <set>. ./OnePlus_Screen_Refresh_Rate.sh</set>
    </action>
    <action confirm="true" interruptible="false">
        <title>去除开机时dm-verity未启动警告（第二屏5秒警告）</title>
        <desc>会自动重启手机生效（如果没有重启就是不适配）</desc>
        <set>reboot "dm-verity enforcing"</set>
    </action>
    <picker interruptible="false" multiple="true" options-sh="cat $Data_Dir/Protection_File_Dir.log">
        <title>自选方式解除已保护的文件/文件夹</title>
        <desc>查看已保护的文件/文件夹(没有保护过则显示为空列表)，默认勾选全部，点执行即可恢复</desc>
        <get>cat $Data_Dir/Protection_File_Dir.log</get>
        <set>. ./Protection_File_Dir_Recover.sh</set>
    </picker>
    <action interruptible="false">
        <title>保护/解除，文件/文件夹</title>
        <desc>被保护的文件/文件夹，不允许写/删除操作</desc>
        <set>. ./Protection.sh</set>
        <params>
            <param name="Option" options-sh="printf '1|保护\n0|解除/恢复默认'" />
            <param name="File_Dir" title="输入文件/文件夹路径，输入多个请用回车键换行（支持通配符*和?）" />
        </params>
    </action>
    <action>
        <title>查看/校验文件MD5</title>
        <set>. ./Check_MD5.sh</set>
        <params>
            <param name="MD5" title="可输入md5进行校验，也可以留空只查看md5" ></param>
            <param name="File" type="file" suffix="zip" editable="true" required="true" title="可输入文件绝对路径，也可以使用文件选择器选择文件" desc="温馨提示：可用「MT管理器」长按目录或文件 -->点属性 -->点击目录即可复制目录绝对路径，长按目录或长按名称即可复制文件绝对路径" />
        </params>
    </action>
    <action>
        <title>清理空文件、空目录、应用cache缓存目录</title>
        <set>. ./Delete_empty_directory_and_empty_file.sh</set>
        <params>
            <param name="Empty_Dir" label="清理空目录" type="checkbox" value="1" />
            <param name="Empty_File" label="清理空文件" type="checkbox" value="1" />
            <param name="Clean_cache" label="清理所有应用缓存目录" type="checkbox" value="1" />
            <param name="Clean" title="可输入目录绝对路径，也可以通过文件选择器长按选定目录" type="folder" editable="true" required="true" desc="上面是默认路径，请自行根据需求更改目录，温馨提示：可用「MT管理器」长按目录或文件 -->点属性 -->点击目录即可复制目录绝对路径，长按目录或长按名称即可复制文件绝对路径" value-sh="echo $SD_PATH" />
        </params>
    </action>
    <action interruptible="false">
        <title>zip/apk签名</title>
        <desc>对zip文件和apk文件签名</desc>
        <set>. ./Zipsigner.sh</set>
        <params>
            <param name="File" type="file" suffix="apk" editable="true" title="可输入apk文件绝对路径，也可以使用文件选择器选择文件" />
            <param name="File" type="file" suffix="zip" editable="true" title="可输入zip文件绝对路径，也可以使用文件选择器选择文件" desc="温馨提示：可用「MT管理器」长按目录或文件 -->点属性 -->点击目录即可复制目录绝对路径，长按目录或长按名称即可复制文件绝对路径" />
        </params>
    </action>
    <action auto-off="true" interruptible="false">
        <title>色盲模式调节（模拟颜色空间）</title>
        <set>. ./Color_blind_mode_Option_Set.sh</set>
        <params>
            <param name="Color" options-sh="printf 'Default|停用（恢复默认）\n0|全色盲（黑白模式）\n1|红色弱视（红绿不分）\n2|绿色弱视（红绿不分）\n3|蓝色弱视（蓝黄不分）'" value-sh="cat $Data_Dir/Color_blind_mode_Option.log"/>
        </params>
    </action>
    <action interruptible="false" visible=". ./support/Check_SDK_lt_28.sh">
        <title>强制更换默认桌面</title>
        <desc>绕过系统的设置限制，强制更换默认桌面应用</desc>
        <set>. ./Default_Desktop_Set.sh</set>
            <param name="package" type="app" options-sh=". ./Get_Desktop_APK.sh" value-sh=". ./Default_Desktop.sh" />
    </action>
    <action interruptible="false" visible=". ./support/Check_is_AB_device.sh">
        <title>切换A/B分区使用系统</title>
        <desc>注：需要重启才能生效</desc>
        <set>bootctl set-active-boot-slot $Option &#38;&#38; CQ</set>
        <params>
            <param name="ChongQi" label="　是否刷入成功自动重启系统" type="switch" value="1"/>
            <param name="Option" label="当前使用的分区，可选择切换" options-sh="printf '0|a分区系统\n1|b分区系统'" value-sh="bootctl get-current-slot" />
        </params>
    </action>
    <action interruptible="false">
        <title>更换Termux为清华源</title>
        <set>. ./Termux_QingHuaYuan.sh</set>
        <params>
            <param name="Option" options-sh="printf '1|更换为清华源\n0|恢复默认（推荐）\nclear|清除Termux全部数据来恢复了默认（不推荐）'" />
        </params>
    </action>
    <action interruptible="false">
        <title>为Termux添加双行快捷键</title>
        <set>. ./Termux_Shortcut_key.sh</set>
        <params>
            <param name="Option" options-sh="printf '1|添加双行快捷键\n0|恢复默认'" />
        </params>
    </action>
    <action interruptible="false">
        <title>提取Shortcuts（长按快捷方式）</title>
        <desc>提取为可执行的shell命令脚本，脚本来源于1群里的by 依心所言，QQ：1728693779</desc>
        <set>. ./Extract_Shortcuts.sh</set>
        <params>
            <param name="ee" title="文件默认保存目录" value-sh="echo $GJZS" required="true"></param>
            <param name="Option" options-sh="printf 'Commands|① 命令版\nintent|② intent版\nCustomize|③ 自定义输入应用名称提取'" />
            <param name="APK" title="注：只有选择方案③自定义添加才会生效" placeholder="请输入你要自定义提取的shortcuts名称"/>
        </params>
    </action>
    <action interruptible="false">
        <title>自选方式去除安卓10剪贴板限制</title>
        <set>. ./Remove_Android10_Clipboard_restrictions.sh</set>
            <param name="package" type="app" multiple="true" options-sh=". ./Get_Package_Name-3.sh" />
    </action>
    <action interruptible="false">
        <title>自选方式添加user -apps电池优化白名单（系统应用）</title>
        <desc>让添加的应用在系统进行打盹的时候不打盹</desc>
        <set>. ./Add_Battery_Optimization_White_List.sh</set>
            <param name="package" type="app" multiple="true" options-sh=". ./Get_Package_Name-s.sh" />
    </action>
    <action interruptible="false">
        <title>自选方式添加user -apps电池优化白名单（三方应用）</title>
        <desc>让添加的应用在系统进行打盹的时候不打盹</desc>
        <set>. ./Add_Battery_Optimization_White_List.sh</set>
            <param name="package" type="app" multiple="true" options-sh=". ./Get_Package_Name-3.sh" />
    </action>
    <action interruptible="false">
        <title>user -apps电池优化白名单查看 &#38; 取消①</title>
        <desc>让添加的应用在系统进行打盹的时候一起打盹，从而达到省电效果，注：重启手机会恢复默认，默认不全选</desc>
        <set>. ./Cancel_the_battery_optimization_whitelist.sh</set>
            <param name="package" type="app" multiple="true" options-sh="dumpsys deviceidle whitelist | grep 'user,' | sed -r 's/user,(.*),.*/\1/g'" />
    </action>
    <action interruptible="false">
        <title>三方应用的电池优化白名单查看 &#38; 取消②</title>
        <desc>让添加的应用在系统进行打盹的时候一起打盹，从而达到省电效果，注：重启手机会恢复默认，默认全选</desc>
        <set>. ./Cancel_the_battery_optimization_whitelist.sh</set>
            <param name="package" type="app" multiple="true" options-sh="dumpsys deviceidle whitelist | grep 'user,' | sed -r 's/user,(.*),.*/\1/g'" value-sh="dumpsys deviceidle whitelist | grep 'user,' | sed -r 's/user,(.*),.*/\1/g'" />
    </action>
    <switch shell="hidden" id="SELinux" interruptible="false" confirm="true">
        <title>开启/关闭SELinux</title>
        <desc>注：关闭此开关为关闭SELinux，可通过「关闭SELinux」Magisk模块永久关闭，否则会在开机时自动开启SELinux</desc>
        <get>. ./switchs/SELinux_Status_Get.sh</get>
        <set>. ./switchs/SELinux_Status_Set.sh</set>
    </switch>
    <switch shell="hidden" auto-off="true" interruptible="false">
        <title>关闭/开启安卓Doze</title>
        <desc>- 关闭此开关为关闭Doze模式，禁止系统打盹</desc>
        <get>. ./switchs/Doze_Status_Get.sh</get>
        <set>. ./switchs/Doze_Status_Set.sh</set>
    </switch>
    <switch shell="hidden" id="Dark_Mode" auto-off="true" interruptible="false">
        <title>深色模式</title>
        <desc>如果您的设备系统没有深色模式开关，可以在这里开启&#x000A;注：可能仅部分设备需要重启手机或重启应用才会生效</desc>
        <get>. ./switchs/Dark_Mode_Get.sh</get>
        <set>. ./switchs/Dark_Mode_Set.sh</set>
    </switch>
    <switch shell="hidden" auto-off="true" interruptible="false">
        <title>OTA升级自动更新</title>
        <desc>关闭状态为关闭自动更新</desc>
        <get>settings get secure auto_update</get>
        <set>settings put secure auto_update $state</set>
    </switch>
    <switch shell="hidden" auto-off="true" interruptible="false">
        <title>OTA升级自动下载ROM</title>
        <desc>关闭状态为关闭自动下载</desc>
        <get>settings get secure auto_download</get>
        <set>settings put secure auto_download $state</set>
    </switch>
    <switch shell="hidden" auto-off="true" interruptible="false">
        <title>高对比度文字</title>
        <get>settings get secure high_text_contrast_enabled</get>
        <set>settings put secure high_text_contrast_enabled $state</set>
    </switch>
    <switch shell="hidden" auto-off="true" interruptible="false">
        <title>颜色反转</title>
        <get>settings get secure accessibility_display_inversion_enabled</get>
        <set>settings put secure accessibility_display_inversion_enabled $state</set>
    </switch>
</group>
<group title="开发者选项">
    <switch shell="hidden" auto-off="true" interruptible="false">
        <title>强制将活动设为可调整大小（强制分屏）</title>
        <desc>将所有 Activity 设为可配合多窗口环境调整大小（忽略清单值）。</desc>
        <get>settings get global force_resizable_activities</get>
        <set>settings put global force_resizable_activities $state</set>
    </switch>
    <switch shell="hidden" auto-off="true" interruptible="false" visible="[[ $SDK -ge 29 ]] &amp;&amp; echo 1">
        <title>强制启用SmartDark</title>
        <desc>安卓Q中的SmartDark功能可以实现全局黑暗模式(包括第三方应用），打开此开关为开启</desc>
        <get>[[ `getprop debug.hwui.force_dark` = true ]] &amp;&amp; echo 1</get>
        <set>Z=false;[[ $state = 1 ]] &amp;&amp; Z=true;setprop debug.hwui.force_dark $Z</set>
    </switch>
    <switch shell="hidden" auto-off="true" interruptible="false">
        <title>显示点按操作反馈</title>
        <desc>打开此开关为显示触摸球</desc>
        <get>settings get system show_touches</get>
        <set>settings put system show_touches $state</set>
    </switch>
    <switch shell="hidden" auto-off="true" interruptible="false">
        <title>显示触摸点坐标</title>
        <get>settings get system pointer_location</get>
        <set>settings put system pointer_location $state</set>
    </switch>
    <switch shell="hidden" auto-off="true" interruptible="false">
        <title>USB调试开关</title>
        <desc>无需繁琐的去开发者选项打开或者关闭</desc>
        <get>settings get global adb_enabled</get>
        <set>settings put global adb_enabled $state</set>
    </switch>
    <switch shell="hidden" auto-off="true" interruptible="false">
        <title>网络ADB调试</title>
        <desc sh=". ./Obtain_WiFi_ip.sh"></desc>
        <get>. ./switchs/Network_ADB_debugging_get.sh</get>
        <set>. ./switchs/Network_ADB_debugging_set.sh</set>
    </switch>
    <text>
        <title>下面的启用/关闭/重启都是自己网络adb调试自己，非必要请勿使用！使用完毕后建议不用时点击关闭网络ADB调试，防止一直处于启用状态影响手机性能！</title>
    </text>
    <text>
        <slices>
            <slice run="start adbd;echo 已启用网络ADB调试" size="15" color="#FF0366D6" u="1">启用网络ADB调试</slice>
            <slice>　　</slice>
            <slice run="stop adbd;echo 已关闭网络ADB调试" size="15" color="#FF0366D6" u="1">关闭网络ADB调试</slice>
            <slice>　　</slice>
            <slice run="stop adbd; start adbd; echo 已重新启动网络ADB调试，请确认授权弹窗" size="15" color="#FF0366D6" u="1">重启网络ADB调试</slice>
        </slices>
    </text>
</group>
<group title="快速进入以下界面">
    <text>
        <slices>
            <slice activity="com.android.settings.APPLICATION_DEVELOPMENT_SETTINGS" size="15" color="#FF0366D6" u="1">开发者选项</slice>
            <slice>　　</slice>
            <slice activity="com.android.settings/com.android.settings.applications.ManageApplications" size="15" color="#FF0366D6" u="1">应用信息</slice>
            <slice>　　</slice>
            <slice activity="com.android.phone/com.android.phone.settings.PreferredNetworkTypeListPreference" break="false" size="15" color="#FF0366D6" u="1">网络类型选择</slice>
            <slice>　　</slice>
            <slice activity="android.settings.MANAGE_DEFAULT_APPS_SETTINGS" break="false" size="15" color="#FF0366D6" u="1">默认应用设置</slice>
            <slice break="true"></slice>
            <slice break="true"></slice>
            <slice break="true"></slice>
            <slice activity="com.android.settings/com.android.settings.Settings$AccessibilitySettingsActivity" break="true" size="15" color="#FF0366D6" u="1">无障碍</slice>
            <slice>　　</slice>
            <slice activity="com.android.settings/com.android.settings.Settings$MyDeviceInfoActivity" size="15" color="#FF0366D6" u="1">关于本机</slice>
            <slice>　　</slice>
            <slice activity="com.android.settings/com.android.settings.Settings$ManageExternalSourcesActivity" size="15" color="#FF0366D6" u="1">安装未知应用授权管理</slice>
            <slice>　　</slice>
            <slice activity="com.android.settings/com.android.settings.RunningServices" size="15" color="#FF0366D6" u="1">正在运行服务</slice>
            <slice break="true"></slice>
            <slice break="true"></slice>
            <slice break="true"></slice>
            <!--             <slice>　　</slice>
            <slice activity="com.android.settings/com.android.settings.Settings$DevelopmentSettingsDashboardActivity" size="15" color="#FF0366D6" u="1">开发者选项</slice> -->
            <slice activity="com.android.settings/com.android.settings.wallpaper.WallpaperSuggestionActivity" size="15" color="#FF0366D6" u="1">选择壁纸来源</slice>
            <slice>　　</slice>
            <slice activity="com.android.settings/com.android.settings.Settings$MemorySettingsActivity" size="15" color="#FF0366D6" u="1">内存</slice>
            <slice>　　</slice>
            <slice activity="com.android.settings/com.android.settings.Settings$AppMemoryUsageActivity" size="15" color="#FF0366D6" u="1">应用的内存使用量</slice>
            <slice>　　</slice>
            <slice activity="com.android.settings/com.android.settings.UsageStatsActivity" size="15" color="#FF0366D6" u="1">应用使用情况统计数据</slice>
            <slice break="true"></slice>
            <slice break="true"></slice>
            <slice break="true"></slice>
            <slice activity="com.android.settings/com.android.settings.Settings$UsageAccessSettingsActivity" size="15" color="#FF0366D6" u="1">有权查看使用情况的应用</slice>
            <slice>　　</slice>
            <slice activity="com.android.settings/com.android.settings.Settings$NotificationAccessSettingsActivity" size="15" color="#FF0366D6" u="1">通知使用权</slice>
            <slice>　　</slice>
            <slice activity="com.android.settings/com.android.settings.Settings$OverlaySettingsActivity" size="15" color="#FF0366D6" u="1">显示在其他应用的上层</slice>
            <slice break="true"></slice>
            <slice break="true"></slice>
            <slice break="true"></slice>
            <slice activity="com.longcheertel.cit/.CitMainActivity" size="15" color="#FF0366D6" u="1">硬件检测</slice>
            <slice>　　</slice>
            <slice activity="com.android.settings/com.android.settings.Settings$TestingSettingsActivity" size="15" color="#FF0366D6" u="1">工程模式</slice>
            <slice>　　</slice>
            <slice run="am start -n android/com.android.internal.app.PlatLogoActivity" size="15" color="#FF0366D6" u="1">安卓彩蛋</slice>
        </slices>
    </text>
</group>
<group title="生活支付附加功能，长按可添加为桌面快捷方式">
    <action shell="hidden" id="Wechat" auto-off="true" interruptible="false">
        <title>跳转［微信］扫一扫付款</title>
        <set>am start -n com.tencent.mm/com.tencent.mm.plugin.scanner.ui.BaseScanUI</set>
    </action>
    <action shell="hidden" id="Alipay" auto-off="true" interruptible="false">
        <title>跳转［支付宝］扫一扫付款</title>
        <set>am start -n com.eg.android.AlipayGphone/com.alipay.mobile.scan.as.main.MainCaptureActivity</set>
    </action>
</group>