<?xml version="1.0" encoding="utf-8"?>
<group>
    <action>
        <title>自定义文件保存目录（禁止空格及非主流符号）</title>
        <desc>针对部分强迫症用户，自定义后会重定向到指定目录，不再内部储存根目录创建目录</desc>
        <param name="LU" title="可输入目录绝对路径，也可以通过文件选择器长按选定目录" desc="上面是默认路径，请自行根据需求更改目录，温馨提示：可用「MT管理器」长按目录或文件 -->点属性 -->点击目录即可复制目录绝对路径，长按目录或长按名称即可复制文件绝对路径" type="folder" editable="true" required="true" value-sh="echo $GJZS" />
        <set>echo "$LU" &gt;~/Data_Dir/GJZS_PATH</set>
    </action>
    <action confirm="true" auto-off="true" interruptible="false">
        <title>点击清除「搞机助手」全部缓存</title>
        <set>rm -rf $TMPDIR ~/downloader $ShellScript/cache</set>
    </action>
    <action confirm="true" auto-off="true" interruptible="false">
        <title>点击清除「搞机助手」全部应用数据</title>
        <set>pm clear $Package_name</set>
    </action>
    <action confirm="true" auto-off="true" interruptible="false">
        <title>「搞机助手」异常修复</title>
        <desc>如果本来正常时，突然间不能正常使用了可点击这里进行异常修复处理下</desc>
        <set>pm clear $Package_name; am start -n $Package_name/com.projectkr.shell.SplashActivity</set>
    </action>
    <action confirm="true" auto-off="true" interruptible="false">
        <title>如果你不喜欢「搞机助手」可以点击这里（一键卸载）</title>
        <set>pm uninstall $Package_name</set>
    </action>
</group>