Update() {
    Canary=`grep_prop Canary $data_MD5`
    if [[ $Version_code -eq $Canary ]]; then
        title='内测版更新日志'
    elif [[ $Version_code -eq $7 ]]; then
        title='正式版更新日志'
    elif [[ $Version_code -lt $7 ]]; then
        title="检查到新版本"
    elif [[ $Version_code -lt $Canary ]]; then
        title="检查到新内测版版本"
    fi
}


if [[ -f $Load ]]; then
    . $Load Update
else
    title="初始化失败"
fi

cat <<Han
<?xml version="1.0" encoding="utf-8"?>
<resource dir="file:///android_asset/Configuration_File" />
<group>
    <action interruptible="false">
        <title>$title</title>
        <summary sh=". ./CheckUpdate.sh" />
        <set>. ./Update_Log.sh</set>
    </action>
</group>
<group title="功能区">
    <pages>
        <page title="Magisk专区" config-sh="cat \$Pages/Magisk.xml" />
        <page title="Magisk模块仓库" before-load=". \$ShellScript/Magisk_Module/Print_Magisk_Warehouse.sh" config-sh="cat \$Pages/Magisk_Warehouse.XML" />
        <page title="应用仓库" before-load=". \$ShellScript/Print_App_Store.sh" config-sh="cat \$Pages/App_Store.XML" />
        <page title="开机页面专区" config-sh="cat \$Pages/Boot_Animation.xml" />
        <page title="MIUI专区" config-sh="cat \$Pages/MIUI.xml" visible=". ./support/Check_Ui_miui.sh" />
        <page title="ROOT专区" config-sh="cat \$Pages/ROOT.xml" />
        <page title="极客专区" config-sh="cat \$Pages/Geek.xml" />
        <page title="镜像分区专区" config-sh="cat \$Pages/IMG_Function.xml" />
        <page title="高级重启" config-sh="cat \$Pages/Advanced_Restart.xml" />
        <page title="应用程序管理专区" config-sh="cat \$Pages/APK.xml" />
        <page title="系统相关查看与调试" config-sh="cat \$Pages/WanJi.xml" />
        <page title="充电控制专区" config-sh="cat \$Pages/Charging_control.xml" visible=". ./support/Charging_control_support.sh" />
        <page title="附加功能区" config-sh="cat \$Pages/FuJia.xml" />
    </pages>
</group>
<group title="其它">
    <action>
        <title>脚本执行器</title>
        <params>
            <param name="Actuator" label="执行方式" options-sh="printf 'sh\nsource'" value-sh="grep_prop Actuator \$ShellScript/Shell2.sh"/>
            <param name="CMD" title="输入命令点击确认即可，多行命令用键盘上的回车换行" desc="可通过which 命令、去查找命令是否存在" required="true" ></param>
        </params>
        <set>. ./Shell.sh</set>
    </action>
    <page title="实用网址推荐" config-sh="cat \$Pages/Practical_Web_address.xml" />
    <page title="搞机助手选项区" config-sh="cat \$Pages/GJZS.xml" />
    <page title="关于 &amp; 特别鸣谢" config-sh="cat \$Pages/In_Regard_To.xml" />
    <action auto-off="true" interruptible="false">
        <title>捐赠</title>
        <desc>「搞机助手」现在是，将来也永远是免费的，但您可以小额捐赠表示支持</desc>
        <set>. \$Load Donation</set>
    </action>
    <text>
        <slices>
            <slice run="am force-stop $Package_name" size="15" color="#FF0366D6" u="1">完全退出</slice>
            <slice>　　　　　</slice>
            <slice run="am force-stop $Package_name &amp;&amp; am start -n $Package_name/com.projectkr.shell.SplashActivity" size="15" color="#FF0366D6" u="1">重启搞机助手</slice>
        </slices>
    </text>
</group>
Han
