<?xml version="1.0" encoding="utf-8"?>
<group>
    <action auto-off="false" interruptible="false">
        <title>刷入镜像文件</title>
        <set>. ./Mirror_Partition_Brush_in.sh</set>
        <params>
            <param name="IMG" title="注：要刷入的镜像大小不能大于显示的大小，否则会刷入不了" options-sh="echo '请选择分区：'; bash ./Block_Device_Name.sh" />
            <param name="ChongQi" label="是否刷入成功自动重启系统" type="checkbox" />
            <param name="ChongQi2" label="是否刷入成功自动重启至Recovery（恢复模式里）" type="checkbox" />
            <param name="Brush_in" type="file" suffix="img" editable="true" required="true" title="可输入img文件绝对路径，也可以使用文件选择器选择文件" desc="温馨提示：可用「MT管理器」长按目录或文件 -->点属性 -->点击目录即可复制目录绝对路径，长按目录或长按名称即可复制文件绝对路径" />
        </params>
    </action>
    <action interruptible="false">
        <title>提取镜像文件</title>
        <set>. ./Mirror_Partition_Extract.sh</set>
        <params>
            <param name="IMG" title="请选择分区支持多选：" multiple="true" options-sh="bash ./Block_Device_Name.sh" />
            <param name="Extract" type="folder" editable="true" required="true" title="可输入img文件绝对路径，也可以使用文件选择器选择文件" desc="温馨提示：可用「MT管理器」长按目录或文件 -->点属性 -->点击目录即可复制目录绝对路径，长按目录或长按名称即可复制文件绝对路径" value-sh="Dir=$Data_Dir/img_Extract_Dir.log; if [[ -f $Dir ]]; then cat $Dir; else echo $GJZS/img_Extract; fi " />
        </params>
    </action>
    <action interruptible="false">
        <title>一键刷写recovery.img到recovery分区并阻止恢复官方rec</title>
        <desc>不适用没有recovery分区的设备</desc>
        <set>. ./Brush_writing_Rec.sh</set>
        <params>
            <param name="Brush_in" type="file" suffix="img" editable="true" required="true" title="可输入img文件绝对路径，也可以使用文件选择器选择文件" desc="温馨提示：可用「MT管理器」长按目录或文件 -->点属性 -->点击目录即可复制目录绝对路径，长按目录或长按名称即可复制文件绝对路径" />
        </params>
    </action>
</group>
<group title="打包ROM">
    <action interruptible="false">
        <title>打包当前系统ROM</title>
        <summary>请确保手机上有足够的储存空间否则会导致提取出来的镜像为0b大小</summary>
        <set>. ./Pack_ROM.sh</set>
        <params>
            <param name="Type">
                <option value="Card_Brush">①　制作成卡刷包</option>
                <option value="Wire_Brush">②　制作成线刷包</option>
            </param>
            <param name="Dir" type="folder" editable="true" required="true" title="可输入要打包到的目录，也可以使用文件选择器长按选择目录" desc="温馨提示：可用「MT管理器」长按目录或文件 -->点属性 -->点击目录即可复制目录绝对路径，长按目录或长按名称即可复制文件绝对路径" value-sh="echo $GJZS/ROM" />
            <param name="IMG" title="请选择要打包的分区支持多选：" multiple="true" options-sh="bash ./Block_Device_Name.sh" />
            <param name="a" value="你还可以自定义附加功能" readonly="readonly" />
            <param name="ROOT" label="　自动加入Magisk（只有选择制作成卡刷包时才生效）" type="checkbox" />
            <param name="Verify" label="　是否加入机型验证（防止别的机型设备误刷）" type="checkbox" />
        </params>
    </action>
</group>