<?xml version="1.0" encoding="utf-8"?>
<group title="关于">
    <action auto-off="true" interruptible="false">
        <title>点击跳转QQ私信我</title>
        <desc>点击即可跳转QQ聊天界面</desc>
        <set>am start -n com.tencent.mobileqq/com.tencent.mobileqq.activity.SplashActivity --ez open_chatfragment true --ei uintype 0 --es uin 243454893</set>
    </action>
    <action auto-off="true" interruptible="false">
        <title>点击跳转QQ加入「搞机助手」内测1群：640322179</title>
        <desc>请确认安装了QQ，否则会跳转失败！</desc>
        <set>
            <![CDATA[ am start -n com.tencent.mobileqq/.activity.QQBrowserActivity --es url "https://jq.qq.com/?_wv=1027&k=5aZ5SnG" ]]>
</set>
    </action>
    <action auto-off="true" interruptible="false">
        <title>点击跳转QQ加入「搞机助手」内测2群：484833534</title>
        <desc>请确认安装了QQ，否则会跳转失败！</desc>
        <set>
            <![CDATA[ am start -n com.tencent.mobileqq/.activity.QQBrowserActivity --es url "https://jq.qq.com/?_wv=1027&k=Glo2dFzM" ]]>
        </set>
    </action>
    <action auto-off="true" interruptible="false">
        <title>点击跳转QQ加入「搞机助手」内测3群：626428221</title>
        <desc>请确认安装了QQ，否则会跳转失败！</desc>
        <set>
            <![CDATA[ am start -n com.tencent.mobileqq/.activity.QQBrowserActivity --es url "https://jq.qq.com/?_wv=1027&k=sSdAzrhV" ]]>
        </set>
    </action>
    <action interruptible="false" confirm="true" auto-off="true">
        <title>点击了解安卓ROOT版：搞机助手，历史更新日志</title>
        <set>[[ -f $Load ]] &amp;&amp; . $Load Update_History</set>
    </action>
    <page title="开源地址，欢迎帮助完善" link="https://gitee.com/QingFeiDeiYi/Han.GJZS" />
</group>
<group title="特别鸣谢File source">
    <page title="「kr-scripts」、Github：helloklf | 酷安：嘟嘟斯基" desc="本软件基于「kr-scripts」框架制作，原软件名：「PIO」" link="https://github.com/helloklf/kr-scripts" />
    <text>
        <slice break="0" link="https://www.coolapk.com/apk/com.omarea.vtools" size="15" color="#FF0366D6" u="1">嘟嘟斯基另一款软件Scene</slice>
    </text>
    <page title="Magisk" desc="by：topjohnwu，感谢Magisk提供模块服务支持、以及部分脚本引导素材" link="https://github.com/topjohnwu/Magisk/releases" />
    <page title="Busybox for Android NDK" desc="by：osm0sis @ xda-developers" link="https://github.com/Magisk-Modules-Repo/busybox-ndk" />
    <page title="termux-adb-fastboot-tools" link="https://github.com/rendiix/termux-adb-fastboot" />
    <page title="ZipSigner &amp; Zip_for_Android_NDK" desc="by：osm0sis &amp; topjohnwu @ xda-developers" link="https://github.com/Magisk-Modules-Repo/zipsigner" />
    <page title="SQLite Download Page" link="https://www.sqlite.org/download.html" />
    <text>
        <title>为了让更多人使用搞机助手，特此引用了「MT管理器」和「Termux」的curl命令</title>
    </text>
</group>
<group title="特别鸣谢 by：Bin">
    <action confirm="true">
        <title>MT管理器</title>
        <desc>本软件全程由「MT管理器」工具编译制作</desc>
        <set>Website http://d.binmt.cc</set>
    </action>
    <text>
        <slice link="http://bbs.binmt.cc/" size="15" color="#FF0366D6" u="1">MT论坛bbs.binmt.cc</slice>
    </text>
</group>