<?xml version="1.0" encoding="utf-8"?>
<group title="温馨提示" visible=". ./switchs/Close_Core_Mode_Get.sh">
    <text>
      <slices>
        <slice size="18" color="#FFFF0000">已检测到开启了Magisk核心模式，所以模块已被自动禁用</slice>
      </slices>
    </text>
</group>
<group title="模块区">
    <pages>
        <page title="Magisk模块仓库" before-load=". $ShellScript/Magisk_Module/Print_Magisk_Warehouse.sh" config-sh="cat $Pages/Magisk_Warehouse.XML" />
        <page title="Magisk模块管理" config-sh=". $ShellScript/Magisk_Module/Modules_Management.sh" />
    </pages>
    <action>
        <title>简单的查看已安装的Magisk模块信息</title>
        <set>. ./Magisk_Module/Modules_View.sh</set>
    </action>
    <action interruptible="false" >
        <title>添加单个Magisk模块*.zip文件</title>
        <set>sh $install_MOD $Compatible $Error &#34;$File&#34; 0</set>
        <params>
            <param name="ChongQi" label="是否刷完模块自动重启系统" type="switch" />
            <param name="Error" label="不显示模块里的错误信息" desc="注释：该错误信息log来自模块里，关闭状态时会显示完整日志等于Magisk的保存日志功能。" type="switch" value="1" />
            <param name="Compatible" label="使用兼容模式（兼容旧模块）" desc="注：该「兼容模式」需要模块作者遵守Magisk Modules开发指南规定，不更改update-binary脚本" type="switch" value="1" />
            <param name="File" type="file" suffix="zip" editable="true" required="true" title="可输入模块文件绝对路径，也可以使用文件选择器选择文件" desc="温馨提示：可用「MT管理器」长按目录或文件 -->点属性 -->点击目录即可复制目录绝对路径，长按目录或长按名称即可复制文件绝对路径" />
        </params>
    </action>
    <action interruptible="false" suffix="zip" >
        <title>批量刷入指定目录里的全部Magisk模块*.zip文件</title>
        <desc>此功能会一次性遍历指定目录下的所有zip模块文件一次性刷入</desc>
        <set>. ./Magisk_Module/Add_Modules.sh</set>
        <params>
            <param name="Search_Dir" label="搜索子目录下的模块？" type="checkbox" />
            <param name="ChongQi" label="是否刷完模块自动重启系统" type="switch" />
            <param name="Compatible" label="使用兼容模式（兼容旧模块）" desc="注：该「兼容模式」需要模块作者遵守Magisk Modules开发指南规定，不更改update-binary脚本" type="switch" value="1" />
            <param name="Error" label="不显示模块里的错误信息" desc="注释：该错误信息log来自模块里，关闭状态时会显示完整日志等于Magisk的保存日志功能。" type="switch" value="1" />
            <param name="File_Dir" title="可输入目录绝对路径，也可以通过文件选择器长按选定目录" type="folder" editable="true" required="true" desc="上面是默认路径，请自行根据需求更改目录，温馨提示：可用「MT管理器」长按目录或文件 -->点属性 -->点击目录即可复制目录绝对路径，长按目录或长按名称即可复制文件绝对路径" value-sh="Dir=$Data_Dir/Add_Modules.log; if [[ -f $Dir ]]; then cat $Dir; else echo $GJZS/Add_Modules; fi " />
        </params>
    </action>
</group>
<group title="杂项">
    <switch confirm="true" auto-off="true" interruptible="false">
        <title>一键修复部分系统在Magisk Manager里无法关闭核心模式</title>
        <desc sh=". ./Close_Core_Mode_Get.sh" />
        <get>. ./switchs/Close_Core_Mode_Get.sh</get>
        <set>. ./switchs/Close_Core_Mode_Set.sh</set>
    </switch>
    <action interruptible="false" id="@Update_Magisk" reload="@Update_Magisk">
        <title>一键更新Magisk.zip &amp; Magisk Manager.apk（稳定版）</title>
        <desc sh=". ./Magisk_Module/Check_Magisk_Version.sh"></desc>
        <set>. ./Install_Magisk.sh -update</set>
        <params>
            <param name="ChongQi" label="是否刷完模块自动重启系统" type="switch" />
        </params>
    </action>
    <action interruptible="false">
        <title>解密Magisk模块</title>
        <set>. ./Decryption_Module.sh</set>
        <params>
            <param name="ZIPFILE" type="file" suffix="zip" editable="true" required="true"  title="可输入模块文件绝对路径，也可以使用文件选择器选择文件" desc="温馨提示：可用「MT管理器」长按目录或文件 -->点属性 -->点击目录即可复制目录绝对路径，长按目录或长按名称即可复制文件绝对路径" />
        </params>
    </action>
    <action confirm="true" auto-off="true" interruptible="false" >
        <title>一键修复Magisk运行环境</title>
        <desc>一键修复进入「Magisk Manager」提示：&#x000A;需要修复运行环境&#x000A;&#x000A;缺失 Magisk 正常工作所需的文件。 将下载 Magisk 安装包进行修复安装，完成后自动重启，是否继续？</desc>
        <summary>注：默认会自动重启</summary>
        <set>. ./Install_Magisk.sh -repair</set>
    </action>
    <action confirm="true" interruptible="false">
        <title>自定义Magisk更新通道</title>
        <desc>解决官方使用的Github链接所以每次进入「Magisk Manager」总是在检查更新</desc>
        <set>. ./Magisk_Custom_Channel.sh</set>
    </action>
</group>
<group title="Magisk仓库翻译" visible=". ./support/Check_is_arm64_device.sh">
    <action interruptible="false">
        <title>对面具仓库模块描述进行翻译</title>
        <desc>Special thanks to "by：巴啦啦魔仙女王 @coolapk"</desc>
        <set>MultiFunction mjckfy -$C</set>
        <params>
            <param name="C" label="翻译/恢复默认" options-sh="printf 't|翻译为中文\nr|恢复默认'" />
            <param name="Translation_Mode" label="翻译方式" desc="注：只有使用字典才可以进行多次翻译无需恢复默认再翻译，联网翻译无法进行多次翻译（因为已经联网翻译过了）" options-sh="printf 'Dictionary|使用字典多线程（人工翻译）\nBaidu|百度翻译\nYandex|Yandex翻译（备用）'" />
            <param name="Number_of_threads" label="设置多线程数值" desc="可根据自己手机CPU性能自由设置，注：只有使用字典才支持多线程翻译" type="text" value="50" type="int" required="true"/>
        </params>
    </action>
    <action interruptible="false" shell="bg-task" visible=". ./support/Check_SDK_lt_28.sh">
        <title>对面具仓库模块描述进行翻译「放入通知栏执行」</title>
        <desc>Special thanks to "by：巴啦啦魔仙女王 @coolapk"</desc>
        <set>MultiFunction mjckfy -$C</set>
        <params>
            <param name="C" label="翻译/恢复默认" options-sh="printf 't|翻译为中文\nr|恢复默认'" />
            <param name="Translation_Mode" label="翻译方式" desc="注：只有使用字典才可以进行多次翻译无需恢复默认再翻译，联网翻译无法进行多次翻译（因为已经联网翻译过了）" options-sh="printf 'Dictionary|使用字典多线程（人工翻译）\nBaidu|百度翻译\nYandex|Yandex翻译（备用）'" />
            <param name="Number_of_threads" label="设置多线程数值" desc="可根据自己手机CPU性能自由设置，注：只有使用字典才支持多线程翻译" type="text" value="50" type="int" required="true"/>
        </params>
    </action>
</group>
<group title="备份/恢复模块">
    <picker interruptible="false" multiple="true" options-sh=". ./Magisk_Module/Modules_List.sh">
        <title>自选方式备份已安装的模块①</title>
        <desc>压缩模块安装目录达到备份目的，所以不通用</desc>
        <set>. ./Magisk_Module/Customize_Bak_Modules.sh</set>
    </picker>
    <action interruptible="false" confirm="true">
        <title>一键备份已安装的所有Magisk模块②</title>
        <desc>压缩模块安装目录达到备份目的，所以不通用</desc>
        <set>. ./Magisk_Module/Bak_Modules.sh</set>
    </action>
    <action interruptible="false">
        <title>一键恢复已备份的Magisk模块</title>
        <set>. ./Magisk_Module/Recover_Modules.sh</set>
        <params>
            <param name="File" type="file" suffix="tgz" editable="true" required="true" title="可输入模块文件绝对路径，也可以使用文件选择器选择文件" desc="温馨提示：可用「MT管理器」长按目录或文件 -->点属性 -->点击目录即可复制目录绝对路径，长按目录或长按名称即可复制文件绝对路径" />
        </params>
    </action>
</group>
