<?xml version="1.0" encoding="utf-8"?>
<group title="游戏工具箱/视频工具箱功能区，MIUI12无效">
    <switch auto-off="true" interruptible="false">
        <title>去除官方默认推介的快捷窗口应用</title>
        <desc>仅去除下方官方默认推介的快捷窗口，不影响QQ与微信入口，同样也不影响自定义添加的。「关闭此开关为关闭推介」</desc>
        <get>. ./switchs/MIUI/Game_Toolbox_Promote_Get.sh</get>
        <set>. ./switchs/MIUI/Game_Toolbox_Promote_Set.sh</set>
    </switch>
    <action>
        <title>添加快捷窗口应用</title>
        <desc>支持③种方案可自由选择</desc>
        <set>. ./Game_Toolbox.sh</set>
        <params>
            <param name="XuanZe" title="请选择方案：" options-sh="printf '3|① 已安装的第三方应用\n0|② 本机所有应用包含系统应用\nCustomize|③ 自定义添加'" />
            <param name="Customize_APK" title="请输入你要自定义添加的APK应用包名" desc="注：只有选择方案③自定义添加才会生效，添加多个包名时请用回车键换行即可" />
        </params>
    </action>
    <action interruptible="false">
        <title>自选系统应用添加</title>
        <desc>默认自动勾选已添加过的</desc>
        <set>. ./Customize_Add.sh</set>
            <param name="package" type="app" multiple="true" options-sh=". ./Get_Package_Name-s.sh" value-sh="cat $Game_Toolbox_File|sed '/^Han$/d'" />
    </action>
    <action interruptible="false">
        <title>自选三方应用添加</title>
        <desc>默认自动勾选已添加过的</desc>
        <set>. ./Customize_Add.sh</set>
            <param name="package" type="app" multiple="true" options-sh=". ./Get_Package_Name-3.sh" value-sh="cat $Game_Toolbox_File|sed '/^Han$/d'" />
    </action>
    <action interruptible="false">
        <title>快捷窗口应用查看 &amp; 删除①</title>
        <desc>查看添加了哪些快捷窗口应用包名(没有添加过则显示为空列表)，默认勾选全部，点执行即可删除</desc>
        <set>. ./Game_Toolbox_Delete.sh</set>
            <param name="package" type="app" multiple="true" options-sh="cat $Game_Toolbox_File|sed '/^Han$/d'" value-sh="cat $Game_Toolbox_File|sed '/^Han$/d'" />
    </action>
    <action interruptible="false">
        <title>快捷窗口应用查看 &amp; 删除②</title>
        <desc>查看添加了哪些快捷窗口应用包名(没有添加过则显示为空列表)，默认不勾选，点执行即可删除</desc>
        <set>. ./Game_Toolbox_Delete.sh</set>
            <param name="package" type="app" multiple="true" options-sh="cat $Game_Toolbox_File|sed '/^Han$/d'" />
    </action>
</group>
<group title="杂项">
    <page title="MIUI「系统更新」ROM地址获取 &#38; 校验md5" desc="包含当前/最新版本的/开发/稳定版，完整/增量包" config-sh=". $ShellScript/MIUI_ROM_Links.sh" />
    <action interruptible="false">
        <title>自选方式卸载MIUI预装app</title>
        <desc>默认自动勾选全部</desc>
        <set>. ./Uninstall_pre-installed_Apps.sh</set>
            <param name="package" type="app" multiple="true" options-sh="cat $Data_Dir/MIUI_Preloaded_app.log" value-sh="cat $Data_Dir/MIUI_Preloaded_app.log" />
    </action>
    <action id="@MIUI_Packageinstaller" reload="@MIUI_Packageinstaller">
        <title>安装「安装狮 - 静默安装」替换MIUI的「应用包管理组件」</title>
        <summary>需要核心破解才能安装，如果遇到卡米不会自救的请不要使用，因为我也只在自己机型上测试OK</summary>
        <desc sh=". $Load Installation_lion; echo -e &quot;已上传版本：$List&quot;" />
        <params>
            <param name="Sound" title="请选择对应功能" options-sh="printf 'install|安装\nuninstall|卸载'" />
        </params>
        <set>. ./install_Installation_lion.sh Installation_lion</set>
    </action>
    <action interruptible="false">
        <title>一键解压小米全机型线刷包也就是后缀为.tgz的压缩包</title>
        <set>sh ./JieYa_tgz.sh</set>
        <params>
            <param name="Source_File" type="file" suffix="zip" editable="true" required="true" title="可输入文件绝对路径，也可以使用文件选择器选择文件" desc="温馨提示：可用「MT管理器」长按目录或文件 -->点属性 -->点击目录即可复制目录绝对路径，长按目录或长按名称即可复制文件绝对路径" />
            <param name="Dir" title="可输入目录绝对路径，也可以通过文件选择器长按选定目录，留空为解压到源文件目录" type="folder" editable="true" desc="上面是默认路径，请自行根据需求更改目录，温馨提示：可用「MT管理器」长按目录或文件 -->点属性 -->点击目录即可复制目录绝对路径，长按目录或长按名称即可复制文件绝对路径" value-sh="Dir=$Data_Dir/JieYa_tgz.log; if [[ -f $Dir ]]; then cat $Dir; else echo $GJZS; fi " />
        </params>
    </action>
    <action>
        <title>插入/移除充电音效修改</title>
        <set>. ./Charging_Sound_Effect_Set.sh</set>
        <params>
            <param name="Sound" title="请选择对应功能" options-sh="cat ./Charging_Sound_Effect_Option.sh" />
            <param name="ZiDY_Effect" type="file" suffix="ogg" editable="true" title="可输入.ogg格式的音频文件绝对路径，也可以使用文件选择器选择文件" desc="温馨提示：可用「MT管理器」长按目录或文件 -->点属性 -->点击目录即可复制目录绝对路径，长按目录或长按名称即可复制文件绝对路径" />
        </params>
    </action>
    <switch auto-off="true" interruptible="false">
        <title>开启双人脸识别</title>
        <desc>- 关闭此开关为恢复默认，注：需要MIUI 11+，重启生效！</desc>
        <get>. ./switchs/MIUI/Double_Face_Recognition_Get.sh</get>
        <set>. ./switchs/MIUI/Double_Face_Recognition_Set.sh</set>
    </switch>
    <switch auto-off="true" interruptible="false">
        <title>打开MIUI相机设置里，隐藏的某些高级设置功能</title>
        <desc>- 关闭此开关为恢复默认</desc>
        <get>. ./switchs/MIUI/MIUI_Camera_Advanced_Settings_Get.sh</get>
        <set>. ./switchs/MIUI/MIUI_Camera_Advanced_Settings_Set.sh</set>
    </switch>
    <switch auto-off="true" interruptible="false">
        <title>禁止MIUI、［系统更新］无耻的自动下载ROM</title>
        <desc>- 关闭此开关为恢复默认</desc>
        <get>. ./switchs/MIUI/Prevent_MIUI_Update_Get.sh</get>
        <set>. ./switchs/MIUI/Prevent_MIUI_Update_Set.sh</set>
    </switch>
    <switch auto-off="true" interruptible="false">
        <title>屏蔽MIUI系统更新检测</title>
        <desc>- 关闭此开关为恢复默认</desc>
        <get>. ./switchs/MIUI/miui_update_get.sh</get>
        <set>. ./switchs/MIUI/miui_update_set.sh</set>
    </switch>
    <action confirm="true" interruptible="false">
        <title>提取桌面壁纸</title>
        <desc>不支持默认/动态壁纸</desc>
        <set>. ./Extraction_wallpaper.sh wallpaper 桌面</set>
    </action>
    <action confirm="true" interruptible="false">
        <title>提取锁屏壁纸</title>
        <desc>不支持默认/动态壁纸</desc>
        <set>. ./Extraction_wallpaper.sh lock_wallpaper 锁屏</set>
    </action>
    <page title="MIUI应用集合①" desc="下载后可用小米自带的文件管理进行安装，恢复默认去应用管理找到该应用卸载更新即可恢复默认" html="https://zivlw.lanzous.com/s/28256" />
    <page title="MIUI应用集合②" desc="下载后可用小米自带的文件管理进行安装，恢复默认去应用管理找到该应用卸载更新即可恢复默认" html="https://zivlw.lanzous.com/s/MIUIAPP" />
    <action confirm="true" auto-off="true" interruptible="false">
        <title>去广告 by：toolazy @酷安</title>
        <desc>- 请关注微信订阅号“关注米柚更新”</desc>
        <set>. ./ad_block.sh</set>
    </action>
    <action confirm="true" auto-off="true" interruptible="false">
        <title>去除小米浏览器黑名单 by：toolazy @酷安</title>
        <desc>- 请关注微信订阅号“关注米柚更新”</desc>
        <set>. ./browser_blacklist.sh</set>
    </action>
</group>
<group title="禁用音效">
    <switch auto-off="true" interruptible="false">
        <title>充电提示音</title>
        <desc>- 关闭此开关为去除充电提示音</desc>
        <get>settings get global power_sounds_enabled</get>
        <set>settings put global power_sounds_enabled $state</set>
    </switch>
    <switch auto-off="true" interruptible="false">
        <title>去除插入充电提示音</title>
        <desc>- 关闭此开关为恢复默认</desc>
        <get>. ./switchs/MIUI/Sound_Effect_disable_Get.sh charging.ogg</get>
        <set>. ./switchs/MIUI/Sound_Effect_disable_Set.sh charging.ogg</set>
    </switch>
    <switch auto-off="true" interruptible="false">
        <title>去除断开充电提示音</title>
        <desc>- 关闭此开关为恢复默认</desc>
        <get>. ./switchs/MIUI/Sound_Effect_disable_Get.sh disconnect.ogg</get>
        <set>. ./switchs/MIUI/Sound_Effect_disable_Set.sh disconnect.ogg</set>
    </switch>
    <switch auto-off="true" interruptible="false">
        <title>去除无线充电提示音</title>
        <desc>- 关闭此开关为恢复默认</desc>
        <get>. ./switchs/MIUI/Sound_Effect_disable_Get.sh charge_wireless.ogg</get>
        <set>. ./switchs/MIUI/Sound_Effect_disable_Set.sh charge_wireless.ogg</set>
    </switch>    <switch auto-off="true" interruptible="false">
        <title>去除退出静音模式提示音</title>
        <desc>- 关闭此开关为恢复默认</desc>
        <get>. ./switchs/MIUI/Sound_Effect_disable_Get.sh WaterDrop_preview.ogg</get>
        <set>. ./switchs/MIUI/Sound_Effect_disable_Set.sh WaterDrop_preview.ogg</set>
    </switch>
    <switch auto-off="true" interruptible="true">
        <title>去除低电量提示音</title>
        <desc>- 关闭此开关为恢复默认</desc>
        <get>. ./switchs/MIUI/Sound_Effect_disable_Get.sh LowBattery.ogg</get>
        <set>. ./switchs/MIUI/Sound_Effect_disable_Set.sh LowBattery.ogg</set>
    </switch>
</group>
<group title="快速进入界面">
    <page activity="com.miui.miwallpaper/com.miui.miwallpaper.activity.SuperWallpaperListActivity" visible=". ./support/MIUI_Super_wallpaper.sh" >
        <title>超级壁纸</title>
    </page>
    <page activity="com.android.settings/com.android.settings.bootloader.BootloaderStatusActivity">
        <title>设备解锁状态</title>
    </page>
    <page activity="com.android.settings/com.android.settings.ad.AdServiceSettings">
        <title>广告服务</title>
    </page>
    <page activity="com.miui.contentcatcher/com.miui.contentcatcher.autofill.activitys.AutofillSettingActivityImpl">
        <title>智能密码管理</title>
    </page>
    <page activity="com.miui.securitycenter/com.miui.powercenter.bootshutdown.PowerShutdownOnTime">
        <title>定时开关机</title>
    </page>
    <page activity="com.miui.securitycenter/com.miui.powercenter.batteryhistory.BatteryHistoryDetailActivity">
        <title>耗电历史</title>
    </page>
    <page activity="com.android.settings/com.android.settings.Settings$HighPowerApplicationsActivity">
        <title>电池优化</title>
    </page>
    <page activity="com.android.settings/com.android.settings.BatteryInfo">
        <title>电池信息</title>
    </page>
</group>