 case "$ABI" in
     arm*) :;;
     *) exit 1;;
 esac

cat <<Han
<?xml version="1.0" encoding="utf-8"?>
<group title="连接与断开">
    <action>
        <title>网络ADB调试</title>
        <desc>请确保在同一WiFi局域网内，且对方设备已开启/支持网络ADB服务</desc>
        <params>
            <param name="port" label="输入端口" value="5555" required="true" value-sh="grep_prop port \$Data_Dir/Connect_Network_adb.log"/>
            <param name="fs" label="选择方式" options-sh="printf 'l|连接\nd|断开\nr|重新连接'" required="true"value-sh="grep_prop fs \$Data_Dir/Connect_Network_adb.log"/>
            <param name="ip" title="输入要连接的设备ip地址"  required="true" value-sh="grep_prop ip \$Data_Dir/Connect_Network_adb.log"/>
        </params>
        <set>. ./ADB/Connect_Network_adb.sh</set>
    </action>
    <action confirm="true" auto-off="true" interruptible="false">
        <title>断开所有adb服务，网络ADB连接</title>
        <set>{ adb disconnect; stop adbd; adb kill-server; rm -rf &#34;$Data_Dir/Connect_Network_adb2.log&#34;; } &#38;&#62;/dev/null</set>
    </action>
    <action confirm="true" auto-off="true" interruptible="false">
        <title>修复adb 5037端口被占用</title>
        <set>p=\`pgrep -f 'tcp:5037'\`; if [[ -n &#34;\$p&#34; ]]; then kill -1 &#34;\$p&#34;; else echo "- 5037端口未占用"; fi; sleep 3</set>
    </action>
    <text>
        <slices>
            <slice run="adb start-server; echo 已启用ADB服务" size="15" color="#FF0366D6" u="1">启用ADB服务</slice>
            <slice>　　</slice>
            <slice run="adb kill-server; echo 已关闭ADB服务" size="15" color="#FF0366D6" u="1">关闭ADB服务</slice>
            <slice>　　</slice>
            <slice run="adb -reset; echo 已重启ADB服务" size="15" color="#FF0366D6" u="1">重启ADB服务</slice>
        </slices>
    </text>
</group>
<group title="功能区">
    <action>
        <title>脚本执行器</title>
        <params>
            <param name="Actuator" label="执行方式" options-sh="printf 'sh\nsource'" value-sh="grep_prop Actuator \$ShellScript/Shell2.sh"/>
            <param name="CMD" title="输入命令点击确认即可，多行命令用键盘上的回车换行" desc="可通过which 命令、去查找命令是否存在" required="true" ></param>
        </params>
        <set>. ./Shell.sh</set>
    </action>
    <pages>
        <page title="检查设备是否连接" summary="设备未连接本页所有功能均无法使用" config-sh="cat \$Pages/ADB/Check_device.xml">
            <menu type="refresh">刷新界面</menu>
            <menu type="finish">关闭页面</menu>
        </page>
        <page title="系统/网络ADB模式功能区" config-sh="cat \$Pages/ADB/System_Pattern.xml" />
        <page title="recovery/sideload模式功能区" config-sh="cat \$Pages/ADB/Recovery.xml" />
        <page title="FASTBOOT模式功能区" config-sh="cat \$Pages/ADB/FASTBOOT.xml" />
        <page title="OTG高级重启" config-sh="cat \$Pages/ADB/ADB_Advanced_Restart.xml" />
        <page title="一键ROOT" config-sh="cat \$Pages/ADB/ROOT.xml" visible=". ./support/Check_is_arm64_device.sh" />
    </pages>
    <action interruptible="false">
        <title>查看adb &#38; fastboot进程</title>
        <set>. ./ADB/View_adb_fastboot-PID.sh</set>
    </action>
</group>
<group title="其它">
    <action interruptible="false">
        <title>帮助</title>
        <set>cat \$Data_Dir/Help.log</set>
    </action>
    <action confirm="true" auto-off="true" interruptible="false">
        <title>Windows版：「搞机助手」，以及更多实用软件</title>
        <desc>流水断崖的软件屋：https://lsdy.top/</desc>
        <set>Website https://lsdy.top/</set>
    </action>
    <text>
        <slices>
            <slice size="14" color="#FFFF0000">本页所有OTG功能，必须本机具有OTG功能才能使用。用途：利用OTG模拟电脑端运行adb &amp; fastboot命令</slice>
            <slice size="14" color="#FFFF0000" break="true">注：所有功能默认对本机无效！除非你本机开启了网络ADB服务</slice>
        </slices>
    </text>
</group>
Han
