<?xml version="1.0" encoding="utf-8"?>
<group title="Magisk">
    <page title="Magisk Manager官网" link="https://magiskmanager.com/" />
    <page title="Magisk Manager：Github下载网址" link="https://github.com/topjohnwu/Magisk/releases" />
    <page title="Magisk XDA发布页" link="https://forum.xda-developers.com/apps/magisk" />
    <page title="Magisk Developer Guides（开发人员指南）" link="https://topjohnwu.github.io/Magisk/guides.html" />
</group>
<group title="Xposed相关">
    <page title="Riru - Code：Github" link="https://github.com/RikkaApps/Riru/releases" />
    <page title="EdXposed：官方Github发布页" desc="需下载Riru搭配使用！然后下载EdXposedManager.apk进行模块管理" link="https://github.com/ElderDrivers/EdXposed/releases/" />
    <page title="EdXposed：Snapshot Versions（非官方版本）" desc="需下载Riru搭配使用！然后下载EdXposedManager.apk进行模块管理" link="https://ci.appveyor.com/project/ElderDrivers/edxposed/build/artifacts" />
    <page title="EdXposedManager.apk：Github" link="https://github.com/ElderDrivers/EdXposedManager/releases" />
    <page title="太极官网" link="https://taichi.cool/zh/" />
    <page title="Xposed Module Repository（Xposed模块存储库）" link="https://repo.xposed.info/module-overview" />
    <page title="XDA.IM - Xposed与Magisk仓库" link="https://www.xda.im/" />
    <page title="模块下载 | 太极" link="https://taichi.cool/zh/module/" />
</group>
<group title="Recovery：rec相关网址">
    <page title="wzsx150 新浪微博地址" desc="专门适配新机型的rec大佬［LR.Team定制版TWRP下载地址］" link="https://m.weibo.cn/u/6033736159" />
    <page title="TWRP官方网址" link="https://twrp.me/Devices/" />
    <page title="橙狐rec下载网址" link="https://sourceforge.net/projects/orangefox/files/" />
    <page title="SHRP rec" link="https://sourceforge.net/projects/shrp/files/" />
</group>
<group title="刷机ROM网址">
    <page title="openDesktop.org（Phone ROMS）" desc="一个社区里面包含很多ROMs" link="https://www.pling.com/browse/cat/495/order/latest/" />
    <page title="Android ROMs" link="https://theunlockr.com/roms/android-roms/" />
    <page title="mandfx 炫设置官改MIUI" link="http://www.manosp.com/" />
    <page title="小米官方提供的线刷包下载地址" link="http://www.miui.com/shuaji-393.html" />
    <page title="小米官方提供的卡刷包下载地址" link="https://www.miui.com/download.html" />
    <page title="MIUI OTA 更新地址" desc="内含卡刷包线刷包" link="https://github.com/mooseIre/update_miui_ota/" />
    <page title="MIUI历史版本" desc="内含卡刷包线刷包" link="https://miuiver.com" />
    <page title="MIUI官方ROM仓库" desc="内含卡刷包线刷包" link="https://roms.miuier.com/index.html" />
    <page title="PE官网地址" link="https://download.pixelexperience.org/" />
    <page title="crDroid" link="https://crdroid.net/" />
    <page title="Syberia OS" link="https://syberiaos.com/" />
    <page title="dotOS" link="https://www.droidontime.com/" />
    <page title="LineageOS" link="https://download.lineageos.org/" />
    <page title="Resurrection Remix OS" link="https://get.resurrectionremix.com/" />
    <page title="AOSiP" link="https://sourceforge.net/projects/illusionproject/files/" />
    <page title="Potato Open Sauce Project" link="https://sourceforge.net/projects/posp/files/" />
    <page title="XDA搬运工" link="http://srom.xyz/" />
    <page title="AOSP Extended" link="https://downloads.aospextended.com/" />
    <page title="Arrow OS" link="https://sourceforge.net/projects/arrow-os/files/" />
    <page title="Pixys OS" link="https://sourceforge.net/projects/pixys-os/files/" />
    <page title="Superior OS" link="https://sourceforge.net/projects/superioros/files/" />
    <page title="Havoc-OS" link="https://sourceforge.net/projects/havoc-os/files/" />
    <page title="omnirom" link="http://dl.omnirom.org/" />
    <page title="MIUI pro" link="https://miuipro.net/rom/miuipro-updating/" />
    <page title="Bootleggers" link="https://sourceforge.net/projects/bootleggersrom/files/" />
    <page title="RevengeOS" link="https://revengeos.com/" />
    <page title="魔趣" link="https://download.mokeedev.com" />
    <page title="Evolution X" link="https://sourceforge.net/projects/evolution-x/files/" />
    <page title="openDesktop.org" link="https://www.pling.com/browse/cat/495/order/latest/" />
    <page title="ColtOS" link="https://sourceforge.net/projects/coltos/files/" />
    <page title="ion" link="https://sourceforge.net/projects/i-o-n/files/device/" />
    <page title="Guzram's Ports World" link="https://sourceforge.net/projects/guzram-ports/files/" />
    <page title="Nangis Project" link="https://sourceforge.net/projects/nangis/files/" />
    <page title="SkylarkAurora" link="https://sourceforge.net/projects/skylarkaurora/files/" />
    <page title="CandyROMs" link="https://sourceforge.net/projects/candyroms/files/" />
    <page title="kubilproject" link="https://sourceforge.net/projects/kubilproject/files/" />
    <page title="Potato Open Sauce Project" link="https://sourceforge.net/projects/posp/files/" />
    <page title="kubilproject" link="https://sourceforge.net/projects/kubilproject/files/" />
    <page title="SkylarkAurora" link="https://sourceforge.net/projects/skylarkaurora/files/" />
    <page title="Bootleggers ROM" link="https://sourceforge.net/projects/bootleggersrom/files/builds/" />
    <page title="MSM-Xtended" link="https://sourceforge.net/projects/xtended/files/" />
    <page title="NeonOS" link="https://sourceforge.net/projects/neonrelease/files/" />
    <page title="Cygnus" link="https://sourceforge.net/projects/cygnus-android/files/" />
    <page title="Rebellion-OS" link="https://sourceforge.net/projects/rebellion-os/files/" />
    <page title="a xyzuan`ROM" link="https://sourceforge.net/projects/xyzuan/files/" />
    <page title="StagOS-10" link="https://sourceforge.net/projects/stagos-10/files/" />
</group>
<group title="Magisk模块">
    <!-- <page title="AD" desc="aaaaa" link="https" /> -->
    <page title="XDA上的Magisk模块区" link="https://forum.xda-developers.com/apps/magisk/module-url-here" />
    <page title="AD-hosts" desc="替换hosts来屏蔽广告" link="https://github.com/E7KMbb/AD-hosts/releases" />
    <page title="Magisk Module 模板" link="https://github.com/Magisk-Modules-Repo-CN/magisk-module-template" />
    <page title="Magisk Module Backuper" link="https://github.com/Magisk-Modules-Repo-CN/magisk_modules_backuper" />
</group>
<group title="其它推介网址">
    <page title="GitHub代下载服务" desc="Git克隆慢？一些源码包下不动？试试我，记得收藏和关注@芒果Geek" link="http://g.widyun.com/" />
    <page title="解锁小米手机" link="http://www.miui.com/unlock/index.html" />
    <page title="Flash MoKee (beta)" desc="该网址类似OTG功能区的Recovery模式下Sideload线刷" link="https://flash.mokeedev.com/" />
    <page title="Xiaomi Firmware Updater（小米固件更新程序）" link="https://xiaomifirmwareupdater.com/" />
    <page title="Xposed官方网址" link="https://dl-xda.xposed.info/framework/" />
    <page title="Open GApps（安装谷歌套件）①" link="https://github.com/opengapps/opengapps" />
    <page title="Open GApps（安装谷歌套件）②" link="https://opengapps.org/" />
    <page title="Magisk_Manager_Recovery_Tool" desc="面具模块管理器，只限在Recovery里使用，可提供可视化操作触摸管理Magisk已安装模块" link="https://github.com/Pzqqt/Magisk_Manager_Recovery_Tool/releases" />
    <page title="幸运破解器官方网址" link="https://www.luckypatchers.com/" />
    <page title="checkra1n" link="https://checkra.in/" />
</group>