<?xml version="1.0" encoding="utf-8"?>
<group>
    <text>
        <slices>
            <slice size="22" color="#FF9400D3">免责申明：</slice>
            <slice break="true"></slice>
            <slice size="16" color="#FFFF0000" break="true">本页所有功能，都是必须本机已解锁BL！</slice>
            <slice break="true"></slice>
            <slice break="true"></slice>
            <slice size="16" color="#FFFF0000" break="true">如果您先前从未听说过「软变砖」或「无限重启」, 又或者您不知道如何从这些情况中恢复手机, 那么请不要使用本页所有功能</slice>
            <slice break="true"></slice>
            <slice break="true"></slice>
            <slice size="16" color="#FFFF0000" break="true">无论如何, 都强烈建议您做好近期的数据备份，并自备完整ROM卡刷/线刷包或原boot.img救砖</slice>
            <slice break="true"></slice>
            <slice break="true"></slice>
            <slice size="16" color="#FFFF0000" break="true">一旦使用了功能则代表您已阅读风险，出现的一切后果，请自行承担风险，与本人无关</slice>
        </slices>
    </text>
</group>
<group>
    <text>
        <title>特别鸣谢 by：topjohnwu，提供Magisk.zip</title>
        <summary sh="Update_Magisk() { echo 已上传Magisk版本：$7（$8）; } ; [[ -f $Load ]] &#38;&#38; . $Load Update_Magisk" />
    </text>
</group>
<group title="杂项" visible=". ./support/Check_is_arm64_device.sh">
    <action interruptible="false">
        <title>一键修补boot镜像文件注入Magisk</title>
        <desc>修补boot.img来达到注入Magisk并ROOT</desc>
        <set>MultiFunction Magisk -patched</set>
        <params>
            <param name="KEEPVERITY" label="保持强制加密" type="checkbox" />
            <param name="KEEPFORCEENCRYPT" label="保留 AVB 2.0/dm-verity" type="checkbox" />
            <param name="RECOVERYMODE" label="安装到 Recovery" type="checkbox" />
            <param name="File" type="file" suffix="img" editable="true" required="true" title="可输入boot.img文件绝对路径，也可以使用文件选择器选择文件" desc="温馨提示：可用「MT管理器」长按目录或文件 -->点属性 -->点击目录即可复制目录绝对路径，长按目录或长按名称即可复制文件绝对路径" />
        </params>
    </action>
    <action interruptible="false">
        <title>一键往卡刷包里注入Magisk.zip</title>
        <desc>原理：卡刷完ROM后自动刷入「Magisk.zip」来ROOT系统同时可以避免官方ROM的rec覆盖TWRP</desc>
        <set>. ./Inject_Magisk.sh</set>
        <params>
            <param name="Option" options-sh="printf '0|保留源文件\n1|不保留源文件'" />
            <param name="File" type="file" suffix="zip" editable="true" required="true"  title="可输入卡刷包文件绝对路径，也可以使用文件选择器选择文件" desc="温馨提示：可用「MT管理器」长按目录或文件 -->点属性 -->点击目录即可复制目录绝对路径，长按目录或长按名称即可复制文件绝对路径" />
            <param name="a" value="当然你也可以自由去选择Magisk版本注入，而不是默认使用我已上传的Magisk版本" readonly="readonly" />
            <param name="Option2" label="自定义Magisk.zip注入" desc="勾选时下方自定义才生效" type="checkbox" />
            <param name="Magisk_File" type="file" suffix="zip" editable="true" title="可输入Magisk.zip文件绝对路径，也可以使用文件选择器选择文件" desc="温馨提示：可用「MT管理器」长按目录或文件 -->点属性 -->点击目录即可复制目录绝对路径，长按目录或长按名称即可复制文件绝对路径" />
        </params>
    </action>    
    <action interruptible="false">
        <title>一键签名卡刷包里的boot.img（阻止官方的ROM的rec覆盖TWRP）</title>
        <desc>仅一键阻止官方rec覆盖TWRP，并不会ROOT系统</desc>
        <set>MultiFunction Magisk -Sign_ROM_boot</set>
        <params>
            <param name="Option" options-sh="printf '0|保留源文件\n1|不保留源文件'" />
            <param name="File" type="file" suffix="zip" editable="true" required="true" title="可输入卡刷包文件绝对路径，也可以使用文件选择器选择文件" desc="温馨提示：可用「MT管理器」长按目录或文件 -->点属性 -->点击目录即可复制目录绝对路径，长按目录或长按名称即可复制文件绝对路径" />
        </params>
    </action>    
    <action interruptible="false">
        <title>验证/签名boot镜像</title>
        <set>. ./verify_and_sign_boot.sh</set>
        <params>
            <param name="Option" options-sh="printf 'verify|验证boot是否签名\nsign|签名boot'" />
            <param name="File" type="file" suffix="img" editable="true" required="true" title="可输入boot.img文件绝对路径，也可以使用文件选择器选择文件" desc="温馨提示：可用「MT管理器」长按目录或文件 -->点属性 -->点击目录即可复制目录绝对路径，长按目录或长按名称即可复制文件绝对路径" />
        </params>
    </action>    
    <action interruptible="false">
        <title>一键刷写recovery.img到recovery分区</title>
        <desc>附加签名boot.img防止官方ROM覆盖TWRP，仅适用于recovery分区的设备</desc>
        <set>. ./Brush_writing_Rec2.sh</set>
        <params>
            <param name="Brush_in" type="file" suffix="img" editable="true" required="true" title="可输入img文件绝对路径，也可以使用文件选择器选择文件" desc="温馨提示：可用「MT管理器」长按目录或文件 -->点属性 -->点击目录即可复制目录绝对路径，长按目录或长按名称即可复制文件绝对路径" />
            <param name="IMG" label="请选择boot分区：" desc="留空为跳过签名boot" multiple="true" options-sh=". ./Block_Device_boot.sh" />
        </params>
    </action>
</group>
<group title="一键刷机">
    <action interruptible="false">
        <title>一键刷机</title>
        <summary>不适用于官方recovery</summary>
        <set>. ./Automatic_Flashing.sh</set>
        <params>
            <param name="ChongQi" label="是否刷完ROM自动重启系统" desc="因为我不知道格式化data命令，如果你需要格式化data的请不要勾选自动重启，可在刷机完毕后再recovery里格式化data然后重启" type="switch" />
            <param name="Google_Verify" label="自动跳过谷歌开机验证？" desc="仅适用于有谷歌验证的ROM包" type="checkbox" />
            <param name="Wipe" label="高级清除选项" options-sh="cat ./Automatic_Flashing_F1.sh" multiple="true" />
            <param name="Function" label="附加功能" options-sh="cat ./Automatic_Flashing_F2.sh" />
            <param name="zipFile" type="file" suffix="zip" editable="true" required="true" title="可输入ROM卡刷包文件绝对路径，也可以使用文件选择器选择文件" desc="温馨提示：可用「MT管理器」长按目录或文件 -->点属性 -->点击目录即可复制目录绝对路径，长按目录或长按名称即可复制文件绝对路径" />
        </params>
    </action>    
</group>

<group title="转换为Magisk" >
    <action interruptible="false" reload="@Update_Magisk" confirm="true">
        <title>一键将系统ROOT转换安装为稳定版Magisk &amp; Magisk Manager.apk</title>
        <summary>注：默认会自动重启</summary>
        <set>. ./Install_Magisk.sh -install</set>
        <params>
            <param name="ChongQi" label="是否刷完模块自动重启系统" type="switch" />
            <param name="Error" label="不显示模块里的错误信息" desc="注释：该错误信息log来自模块里，关闭状态时会显示完整日志等于Magisk的保存日志功能。" type="switch" value="1" />
        </params>
    </action>
</group>
<group title="其它" >
    <action interruptible="false">
        <title>仅下载Magisk.zip</title>
        <set>. ./Download_Magisk.sh</set>
        <params>
            <param name="File_Dir" title="可输入目录绝对路径，也可以通过文件选择器长按选定目录" type="folder" editable="true" required="true" desc="上面是默认路径，请自行根据需求更改目录，温馨提示：可用「MT管理器」长按目录或文件 -->点属性 -->点击目录即可复制目录绝对路径，长按目录或长按名称即可复制文件绝对路径" value-sh="Dir=$Data_Dir/Download_Magisk.log; if [[ -f $Dir ]]; then cat $Dir; else echo $GJZS; fi " />
        </params>
    </action>    
</group>
