<?xml version="1.0" encoding="utf-8"?>
<group title="系统相关查看">
    <action>
        <title>查看已保存的WiFi密码</title>
        <set>. ./wifi.sh</set>
    </action>
    <action>
        <title>关于本机</title>
        <desc>查看手机相关参数信息</desc>
        <set>. ./About_This_Machine.sh</set>
    </action>
    <action>
        <title>查看CPU详细信息及占用</title>
        <set>. ./View_CPU.sh</set>
    </action>
    <action>
        <title>查看内存信息</title>
        <set>. ./Memory_information.sh</set>
    </action>
    <action>
        <title>查看当前手机用户</title>
        <set>pm list users</set>
    </action>
    <action interruptible="false">
        <title>查看储存空间占用情况</title>
        <set>. ./Storage_Space.sh</set>
        <params>
            <param name="All" label="查看全部" type="checkbox" />
            <param name="KB1000" label="以1KB=1000B格式查看" type="checkbox" />
            <param name="KB1024" label="以1KB=1024B格式查看" type="checkbox" value="1" />
            <param name="B" label="以B格式单位查看" type="checkbox" />
        </params>
    </action>
    <action interruptible="false">
        <title>查看全部已挂载分区信息</title>
        <set>if [[ $Log -eq 1 ]]; then mount | tee $GJZS/挂载信息.log; echo "日志已保存到$GJZS/挂载信息.log"; else mount; fi</set>
        <params>
            <param name="Log" label="同时打印日志到内部储存" type="checkbox" />
        </params>
    </action>
    <action confirm="true">
        <title>磁盘测速</title>
        <desc>使用简单的命令检测磁盘连续读写速度，需要好几分钟</desc>
        <set>. ./Disk_test.sh</set>
    </action>
    <action confirm="true">
        <title>查询已启用的无障碍服务</title>
        <set>settings get secure enabled_accessibility_services</set>
    </action>
    <action>
        <title>查看当前时间（支持秒、毫秒）</title>
        <set>. ./View_Time.sh</set>
        <params>
            <param name="Delay" label="设置刷新值" desc="设置查看时间的刷新值，默认1秒刷新（支持小数点）" type="number" required="true" value="1" />
        </params>
    </action>
    <action>
        <title>查看电池信息</title>
        <desc>- 通过简单的命令，查看当前电池信息</desc>
        <set>. ./Battery_information.sh</set>
    </action>
    <action confirm="true">
        <title>监控崩溃与ANR（可查看打开过哪些应用包名）</title>
        <desc sh="echo -e 监控崩溃与ANR，推介锁定［搞机助手］和常驻后台，不然切换界面时会把搞机助手杀死进程导致查看失败！"></desc>
        <set>am monitor</set>
    </action>
</group>
<group title="系统相关调试">
    <action interruptible="false">
        <title>自定义修改设备ID</title>
        <desc>一般用于刷机后，恢复之前的设备id，防止微信数据还原后，需要新手机登录验证。注：查看本机id可以在上面的关于本机里查看到</desc>
        <set>settings put secure android_id $id</set>
        <params>
            <param name="id" required="true" />
        </params>
    </action>
    <action interruptible="false" >
        <title>NTP服务修改</title>
        <set>. ./Modify_The_NTP.sh</set>
        <params>
            <param name="ip" title="输入可用的NTP地址" required="true" />
            <param name="a" title="当前NTP服务器地址" value-sh="settings get global ntp_server" readonly="readonly"/>
        </params>
    </action>
    <action interruptible="false" visible=". ./support/No_Android10.sh">
        <title>自定义修改WiFi，MAC地址</title>
        <desc>重启手机后会恢复默认</desc>
        <set>. ./Modify_MAC.sh</set>
        <params>
            <param name="MAC" title="输入12位字母或者数字组合地址，不正确的MAC地址会修改失败！" value="08:00:20:0A:8C:6D" />
        </params>
    </action>
    <switch interruptible="false" visible=". ./support/Android7+.sh">
        <title>开启Freeform（多窗口模式）</title>
        <desc>打开此开关为开启</desc>
        <get>. ./switchs/Freeform_get.sh</get>
        <set>. ./switchs/Freeform_set.sh</set>
    </switch>
    <action auto-off="false" interruptible="false">
        <title>隐藏导航键and隐藏状态栏</title>
        <desc>选择方案</desc>
        <set>. ./Immersion_style.sh</set>
        <params>
            <param name="Immersion_style" title="选择样式一：" options-sh=". ./Immersion_style_Option.sh" />
            <param name="x" value="您还可以选择了样式一，在下面进行更深入的自定义" readonly="readonly" />
            <param name="NO" title="请输入：你不想在哪些，APK里隐藏， 注意：只可以输入包名！格式为：-包名，多个包名用：, 分开" />
            <param name="YES" title="请输入：你只需要在哪些，APK里隐藏，注意：注意：只可以输入包名！格式为：包名，多个包名用：, 分开" />
        </params>
    </action>
    <action>
        <title>屏幕上下左右边距微调</title>
        <desc>只允许输入数字，［-］为反方向微调</desc>
        <set>wm overscan $Left,$Up,$Right,$Down</set>
        <params>
            <param name="Up" title="请输入你要微调的，［上面］高度，［-］代表相反调整，默认值0为恢复，必须输入数字" value="0" required="true" />
            <param name="Down" title="请输入你要微调的，［下面］高度，［-］代表相反调整，默认值0为恢复，必须输入数字" value="0" required="true" />
            <param name="Left" title="请输入你要微调的，［左边］高度，［-］代表相反调整，默认值0为恢复，必须输入数字" value="0" required="true" />
            <param name="Right" title="请输入你要微调的，［右边］高度，［-］代表相反调整，默认值0为恢复，必须输入数字" value="0" required="true" />
        </params>
    </action>
    <action auto-off="true" id="@Electricity_camouflage" reload="@Electricity_camouflage">
        <title>电量伪装</title>
        <desc sh="echo -n 自定义电量伪装显示百分比数字，当前电量状态值为`dumpsys battery|awk '/level/{print $2}'`"></desc>
        <set>. ./Electricity_camouflage.sh</set>
        <params>
            <param name="Percentage0" label="勾选这里为恢复默认" desc="当勾选时下方修改会无效" type="checkbox" />
            <param name="Percentage1" title="防止你很皮，限制输入3-100范围的值，不然输入0立马关机，输入过大又会导致无电池图标。注意：留空为恢复默认状态" type="int" max="100" min="3" required="0" maxlength="3" />
            <param name="Percentage2" title="你也可以选择滑动方案调整" desc="只有当上方输入框没有填写数值时，滑动修改才会生效！" max="100" min="3" type="seekbar" />
        </params>
    </action>
    <action auto-off="true" id="@dpi" reload="@dpi">
        <title>自定义dpi（屏幕密度）</title>
        <desc sh="echo -e &#34;当前设置的dpi值为`wm density|sed 's/Physical density/默认值/; s/Override density/当前值/'`&#34;"></desc>
        <set>. ./dpi.sh</set>
        <params>
            <param name="dpi" title="请输入你要修改的dpi值，留空为恢复默认，为了保险默认限制为3位数字，设置过低可能会导致部分软件闪退哦﻿⊙∀⊙！" type="int" min="220" max="700" maxlength="3"/>
        </params>
    </action>
    <action auto-off="true">
        <title>自定义修改屏幕分辨率</title>
        <set>. ./Screen_Size.sh</set>
        <params>
            <param name="Screen_Size0" label="勾选这里为恢复默认" desc="当勾选时下方修改会无效" type="checkbox" />
            <param name="Screen_Size_X" title="输入屏幕横向数值" type="int" />
            <param name="Screen_Size_Y" title="输入屏幕竖向数值" type="int" />
        </params>
    </action>
    <action>
        <title>自定义过渡动画</title>
        <desc>允许你自定义修改手机过渡动画不受系统的选项限制</desc>
        <set>. ./Transition_animation.sh</set>
        <params>
            <param name="Extreme" label="极致动画0.01" type="checkbox" />
            <param name="DongHua1" title="窗口动画缩放： 请输入数值" type="number" required="true" value-sh="settings get global window_animation_scale" />
            <param name="DongHua2" title="过渡动画缩放： 请输入数值" type="number" required="true" value-sh="settings get global transition_animation_scale" />
            <param name="DongHua3" title="动画程序时长缩放： 请输入数值" type="number" required="true" value-sh="settings get global animator_duration_scale" />
        </params>
    </action>
    <action auto-off="true" id="@screen_off_timeout" reload="@screen_off_timeout">
        <title>任意修改自动锁屏时间</title>
        <desc sh="echo -e 通过数字值，随意修改自动锁屏时间，从而不受系统的选项限制。\\n当前自动锁屏时间为`settings get system screen_off_timeout`，时间单位为：毫秒ms"></desc>
        <set>settings put system screen_off_timeout $screen_off_timeout</set>
        <params>
            <param name="screen_off_timeout" title="请输入你要设置的自动锁屏时间，时间单位为：毫秒ms，1秒=1000（一千毫秒）、1分钟=60000ms（六万毫秒），默认60000" type="int" value="60000" required="true" />
        </params>
    </action>
    <action auto-off="true">
        <title>修改屏幕亮度值</title>
        <desc sh="echo -n 通过数字值，精准的修改亮度值，当前亮度值为`settings get system screen_brightness`"></desc>
        <set>. ./screen_brightness.sh</set>
        <params>
            <param name="screen_brightness" title="请输入你要设置的屏幕亮度值来更改亮度值！输入限制值范围（0-9999）" max="9999" min="0" type="int" maxlength="4" />
            <param name="screen_brightness2" title="你也可以选择滑动调整亮度" desc="只有当上方输入框没有填写数值时，滑动修改才会生效！" max="9999" min="0" type="seekbar" />
        </params>
    </action>
    <action auto-off="false">
        <title>强制旋转屏幕，(就算锁定屏幕也可以强制旋转！）</title>
        <desc>强制性旋转屏幕界面，包括竖屏反转，横屏反转（状态栏在左或者右）</desc>
        <set>. ./Rotary_screen.sh</set>
        <params>
            <param name="Rotate" options-sh="echo -e '0|［恢复默认］'\\n'1|［横屏反转］（状态栏在右边）'\\n'3|［横屏反转］（状态栏在左边）'\\n'2|［竖屏反转］（倒着照样玩）'" />
        </params>
    </action>
    <action auto-off="true" interruptible="false" id="Lock screen">
        <title>一键锁屏</title>
        <set>input keyevent 26</set>
    </action>
    <action>
        <title>打开系统自带电源菜单</title>
        <desc>貌似好像不能重复执行此命令哦！</desc>
        <set>
            <![CDATA[ sendevent /dev/input/event0 1 116 108 && sendevent /dev/input/event0 0 0 0 ]]>
        </set>
    </action>
    <action auto-off="true">
        <title>拨打电话</title>
        <set>am start -a android.intent.action.CALL -d tel:$Telephone_number</set>
        <params>
            <param name="Telephone_number" title="请输入你要拨打的电话号码。只可以输入数字。" type="int" maxlength="11" required="true" />
        </params>
    </action>
    <action auto-off="true">
        <title>录屏（貌似安卓限制3分钟？？？）</title>
        <desc>录制手机屏幕，视频格式为：.mp4，可自定义存放目录，自定义输出名称"</desc>
        <set>if [[ $Time -le 180 ]]; then if [[ -z $Time ]]; then echo "已开始录屏时间为默认3分钟，开始录屏中……"; screenrecord "$Path_name.mp4"; else echo "已自定义时间为$Time，开始录屏中……"; screenrecord --time-limit $Time "'$Path_name'.mp4"; fi; fi</set>
        <params>
            <param name="Time" title="请输入你要录屏的时间默认时间单位秒：s，默认为空，录制时间为180秒，记住只可以输入数字。" type="int" maxlength="3" />
            <param name="Path_name" title="请输入你的录屏文件输出目录，格式如下：绝对路径/名称，会默认为mp4所以不需要输入.mp4" value-sh="echo $GJZS/Screenrecord" />
        </params>
    </action>
    <action auto-off="false">
        <title>截图（支持自定义延迟值，与保存路径）</title>
        <desc sh="echo 截图可自定义存放目录，默认路径：$GJZS\\n名称：ScreenShot_截屏时的时间.png"></desc>
        <set>. ./ScreenShot.sh</set>
        <params>
            <param name="Set_the_time" title="请输入延迟值，时间单位：m（分），h（小时），d（天），s（默认为秒），默认为空则无延迟截图" maxlength="3" />
            <param name="SetLu" title="可输入截图输出目录绝对路径，也可以通过文件选择器长按选定目录，留空为默认路径" type="folder" editable="true" required="true" desc="上面是默认路径，请自行根据需求更改目录，温馨提示：可用「MT管理器」长按目录或文件 -->点属性 -->点击目录即可复制目录绝对路径，长按目录或长按名称即可复制文件绝对路径" value-sh="Dir=$Data_Dir/Add_Modules.log; if [[ -f $Dir ]]; then cat $Dir; else echo $GJZS/Add_Modules; fi " />
        </params>
    </action>
</group>
<group title="下面选项可能只有原生系统可以用，具体自测！">
    <action auto-off="true">
        <title>开启电量百分比显示数字</title>
        <desc>使不显示百分比数字的手机型号显示百分比，因机型而异，具体自己测试。</desc>
        <set>. ./Percentage_open.sh</set>
        <params>
            <param name="battery" label="开启电量百分比" type="switch" />
        </params>
    </action>
    <action auto-off="true" interruptible="false">
        <title>去除 x 和 ！（三方定制系统可能无 x 和 !）</title>
        <desc>去除原生系统的x和，执行完记得开关一下飞行模式才会生效！</desc>
        <set>if [[ $x == 0 ]];then echo "开始恢复默认"; settings delete global captive_portal_server; sleep 3; else echo "开始去除x和!"; settings put global captive_portal_https_url "http://connect.rom.miui.com/generate_204"; fi</set>
        <params>
            <param name="x" options-sh="echo -e '0|恢复默认'\\n'1|去除 x 和 !'" />
        </params>
    </action>
    <action auto-off="true" interruptible="false">
        <title>虚拟键布局调整（此命令需测试，可能无效）</title>
        <desc>已知MIUI系统无用，具体自测吧！</desc>
        <set>. ./Virtual_Key_Layout_Adjustment.sh</set>
        <params>
            <param name="Layout" title="请选择布局风格：" options-sh="echo -e '0|恢复默认\n1|返回 主页 后台（菜单）\n2|后台（菜单） 主页 返回\n3|移除设置'" />
        </params>
    </action>
</group>